# spot,16.5000,ts,2026-08-04 22:58:33
strike,dte,cp,oi,gamma,delta,iv,bid,ask
10.00,15,C,4128,0.002400,0.9951,1.5103,7.90,8.15
10.00,15,P,878,0.002400,-0.0032,1.1448,0.00,0.01
10.50,15,C,19,0.003200,0.9941,1.5190,7.40,7.70
10.50,15,P,2,0.003200,-0.0041,1.1462,0.00,0.02
11.00,15,C,41,0.004200,0.9929,1.2818,6.90,7.15
11.00,15,P,83,0.004200,-0.0053,1.0558,0.00,0.02
11.50,15,C,10,0.005600,0.9914,1.3768,6.40,6.70
11.50,15,P,234,0.005600,-0.0068,1.1893,0.00,0.02
12.00,15,C,2140,0.007400,0.9896,1.0728,5.90,6.15
12.00,15,P,1476,0.007400,-0.0086,1.1134,0.00,0.01
12.50,15,C,58,0.009700,0.9873,1.1536,5.40,5.70
12.50,15,P,159,0.009700,-0.0109,1.0363,0.00,0.03
13.00,15,C,2469,0.012800,0.9845,1.0477,4.90,5.20
13.00,15,P,2634,0.012800,-0.0137,0.9584,0.00,0.03
13.50,15,C,1079,0.017100,0.9806,0.9450,4.30,4.70
13.50,15,P,1996,0.017100,-0.0176,0.7484,0.00,0.02
14.00,15,C,1108,0.023600,0.9748,0.8450,4.00,4.10
14.00,15,P,4325,0.023600,-0.0234,0.6421,0.00,0.02
14.50,15,C,963,0.034300,0.9645,0.7474,3.50,3.60
14.50,15,P,12328,0.034300,-0.0337,0.6962,0.02,0.03
15.00,15,C,7361,0.052300,0.9439,0.7482,3.00,3.15
15.00,15,P,38426,0.052300,-0.0543,0.6497,0.03,0.06
15.50,15,C,540,0.080300,0.8988,0.6936,2.60,2.66
15.50,15,P,52757,0.080300,-0.0994,0.5747,0.09,0.11
16.00,15,C,2578,0.107700,0.8306,0.5806,2.20,2.26
16.00,15,P,158998,0.107700,-0.1676,0.5995,0.19,0.22
16.50,15,C,1432,0.126700,0.7532,0.7672,1.86,1.92
16.50,15,P,107160,0.126700,-0.2450,0.6952,0.35,0.39
17.00,15,C,7150,0.136000,0.6733,0.7160,1.57,1.63
17.00,15,P,135044,0.136000,-0.3249,0.7604,0.55,0.60
17.50,15,C,868,0.136600,0.5973,0.8358,1.34,1.40
17.50,15,P,85297,0.136600,-0.4009,0.7665,0.82,0.88
18.00,15,C,38486,0.131600,0.5295,0.8797,1.17,1.23
18.00,15,P,130675,0.131600,-0.4687,0.7989,1.14,1.20
18.50,15,C,62711,0.123600,0.4711,0.9321,1.03,1.08
18.50,15,P,81662,0.123600,-0.5271,0.8450,1.50,1.56
19.00,15,C,47302,0.114600,0.4215,0.9832,0.92,0.97
19.00,15,P,95725,0.114600,-0.5767,0.9166,1.89,1.95
19.50,15,C,42510,0.105600,0.3796,1.0297,0.83,0.88
19.50,15,P,53693,0.105600,-0.6186,0.9655,2.29,2.36
20.00,15,C,185310,0.097100,0.3441,0.9869,0.75,0.81
20.00,15,P,101393,0.097100,-0.6541,1.0159,2.72,2.78
20.50,15,C,14137,0.089300,0.3138,1.1267,0.69,0.74
20.50,15,P,1547,0.089300,-0.6844,1.0630,3.15,3.25
21.00,15,C,158538,0.082300,0.2877,1.1703,0.63,0.68
21.00,15,P,82231,0.082300,-0.7105,1.1416,3.55,3.65
21.50,15,C,15286,0.076100,0.2650,1.2141,0.58,0.63
21.50,15,P,1052,0.076100,-0.7332,1.1850,4.00,4.10
22.00,15,C,157033,0.070400,0.2452,1.1701,0.54,0.58
22.00,15,P,55703,0.070400,-0.7531,1.2211,4.45,4.60
22.50,15,C,32641,0.065400,0.2276,1.2990,0.50,0.55
22.50,15,P,816,0.065400,-0.7706,1.2737,4.95,5.05
23.00,15,C,169049,0.060900,0.2121,1.3376,0.47,0.52
23.00,15,P,24121,0.060900,-0.7861,1.3454,5.40,5.50
23.50,15,C,29867,0.056800,0.1982,1.3760,0.44,0.49
23.50,15,P,458,0.056800,-0.8000,1.3654,5.90,6.00
24.00,15,C,188759,0.053200,0.1857,1.4153,0.42,0.45
24.00,15,P,15783,0.053200,-0.8125,1.4306,6.35,6.45
24.50,15,C,3086,0.049900,0.1745,1.4560,0.40,0.44
24.50,15,P,88,0.049900,-0.8237,1.4411,6.85,6.95
25.00,15,C,216328,0.046800,0.1643,1.5043,0.38,0.42
25.00,15,P,18742,0.046800,-0.8339,1.5009,7.30,7.40
26.00,15,C,132259,0.041600,0.1466,1.5471,0.33,0.38
26.00,15,P,1470,0.041600,-0.8516,1.5573,8.25,8.35
27.00,15,C,58024,0.037200,0.1318,1.6127,0.30,0.34
27.00,15,P,247,0.037200,-0.8664,1.6321,9.25,9.35
28.00,15,C,105779,0.033500,0.1193,1.6688,0.27,0.31
28.00,15,P,890,0.033500,-0.8790,1.6650,10.20,10.30
29.00,15,C,95813,0.030300,0.1085,1.7158,0.25,0.29
29.00,15,P,681,0.030300,-0.8898,1.6846,11.15,11.30
30.00,15,C,184835,0.027600,0.0991,1.7697,0.23,0.27
30.00,15,P,607,0.027600,-0.8991,1.7710,12.15,12.25
31.00,15,C,31922,0.025200,0.0910,1.8169,0.21,0.25
31.00,15,P,428,0.025200,-0.9072,1.7703,13.15,13.25
32.00,15,C,18462,0.023200,0.0838,1.8577,0.19,0.23
32.00,15,P,815,0.023200,-0.9144,1.8478,14.10,14.20
33.00,15,C,14911,0.021300,0.0774,1.9017,0.18,0.20
33.00,15,P,20,0.021300,-0.9208,1.8755,15.10,15.20
34.00,15,C,10859,0.019700,0.0718,1.9406,0.16,0.20
34.00,15,P,6,0.019700,-0.9264,1.8957,16.10,16.20
35.00,15,C,137965,0.018200,0.0667,1.9744,0.15,0.19
35.00,15,P,687,0.018200,-0.9315,1.9634,17.05,17.15
36.00,15,C,22236,0.017000,0.0622,2.0034,0.15,0.18
36.00,15,P,7,0.017000,-0.9360,1.9726,18.05,18.15
37.00,15,C,42302,0.015800,0.0581,2.0273,0.12,0.18
37.00,15,P,10,0.015800,-0.9402,2.0353,19.05,19.15
38.00,15,C,39459,0.014800,0.0543,2.0713,0.11,0.17
38.00,15,P,3,0.014800,-0.9439,2.0332,20.00,20.15
39.00,15,C,23147,0.013800,0.0510,2.0865,0.10,0.16
39.00,15,P,6,0.013800,-0.9472,2.0917,21.00,21.10
40.00,15,C,159634,0.012900,0.0479,2.1384,0.11,0.15
40.00,15,P,296,0.012900,-0.9503,2.0773,22.00,22.10
42.50,15,C,61354,0.011100,0.0412,2.2175,0.08,0.12
45.00,15,C,61395,0.009600,0.0358,2.2091,0.06,0.10
45.00,15,P,163,0.009600,-0.9624,2.2561,26.95,27.05
47.50,15,C,98958,0.008400,0.0314,2.2907,0.05,0.09
47.50,15,P,3,0.008400,-0.9668,2.2787,29.45,29.55
50.00,15,C,152244,0.007400,0.0277,2.3414,0.04,0.08
50.00,15,P,26,0.007400,-0.9705,2.1136,31.90,32.00
55.00,15,C,125154,0.005800,0.0220,2.4621,0.02,0.06
60.00,15,C,89246,0.004700,0.0179,2.6145,0.01,0.05
60.00,15,P,17,0.004700,-0.9803,0.0000,41.70,42.10
65.00,15,C,104745,0.003900,0.0148,2.7228,0.00,0.04
65.00,15,P,155,0.003900,-0.9834,2.2324,46.70,47.10
70.00,15,C,61755,0.003300,0.0125,2.7803,0.00,0.04
70.00,15,P,2,0.003300,-0.9857,2.5078,51.70,52.10
75.00,15,C,44100,0.002800,0.0107,2.9299,0.00,0.04
80.00,15,C,51570,0.002400,0.0093,3.0360,0.00,0.03
80.00,15,P,66,0.002400,-0.9889,2.5815,61.65,62.10
85.00,15,C,91943,0.002100,0.0082,3.0972,0.00,0.03
90.00,15,C,39055,0.001900,0.0072,3.1888,0.00,0.03
90.00,15,P,1,0.001900,-0.9910,2.5019,71.65,72.05
95.00,15,C,25835,0.001700,0.0065,3.2749,0.00,0.03
100.00,15,C,27799,0.001500,0.0059,3.3559,0.00,0.03
100.00,15,P,91,0.001500,-0.9923,3.1026,81.65,82.05
110.00,15,C,2055,0.001200,0.0049,3.5050,0.00,0.03
110.00,15,P,3,0.001200,-0.9933,3.1228,91.60,92.05
120.00,15,C,9883,0.001100,0.0042,3.6397,0.00,0.03
120.00,15,P,2,0.001100,-0.9940,3.0586,101.60,102.00
130.00,15,C,3855,0.000900,0.0037,3.7623,0.00,0.03
130.00,15,P,754,0.000900,-0.9945,3.5428,111.60,112.00
140.00,15,C,6811,0.000800,0.0033,3.8278,0.00,0.03
140.00,15,P,390,0.000800,-0.9949,0.0000,121.55,122.00
150.00,15,C,28596,0.000700,0.0030,3.9310,0.00,0.03
150.00,15,P,14,0.000700,-0.9952,3.4791,131.55,131.95
160.00,15,C,1146,0.000600,0.0027,4.0268,0.00,0.03
170.00,15,C,22288,0.000600,0.0025,3.4423,0.00,0.01
180.00,15,C,7802,0.000500,0.0023,4.1999,0.00,0.03
180.00,15,P,1,0.000500,-0.9959,3.8212,161.50,161.90
190.00,15,C,5687,0.000500,0.0022,4.2786,0.00,0.03
200.00,15,C,7356,0.000500,0.0020,4.3529,0.00,0.01
200.00,15,P,51,0.000500,-0.9962,4.1652,181.45,181.90
10.00,43,C,235,0.002700,0.9901,0.9928,9.10,9.40
10.00,43,P,263,0.002700,-0.0048,0.7978,0.00,0.02
10.50,43,C,240,0.003800,0.9881,0.9914,8.60,8.90
10.50,43,P,2,0.003800,-0.0067,0.7429,0.00,0.02
11.00,43,C,304,0.005200,0.9856,0.9181,8.10,8.40
11.00,43,P,22,0.005200,-0.0093,0.8858,0.00,0.03
11.50,43,C,17,0.007000,0.9822,0.8482,7.60,7.90
11.50,43,P,16,0.007000,-0.0127,0.8368,0.00,0.03
12.00,43,C,198,0.009300,0.9779,0.7813,7.10,7.40
12.00,43,P,433,0.009300,-0.0169,0.7764,0.00,0.03
12.50,43,C,36,0.012100,0.9726,0.7677,6.60,6.90
12.50,43,P,99,0.012100,-0.0223,0.7183,0.00,0.03
13.00,43,C,2333,0.015600,0.9659,0.7040,6.20,6.30
13.00,43,P,3704,0.015600,-0.0289,0.6015,0.00,0.04
13.50,43,C,286,0.020000,0.9578,0.5963,5.70,5.85
13.50,43,P,169,0.020000,-0.0371,0.6264,0.01,0.04
14.00,43,C,1151,0.025700,0.9461,0.6205,5.25,5.35
14.00,43,P,4331,0.025700,-0.0488,0.5251,0.02,0.06
14.50,43,C,467,0.033400,0.9276,0.5612,4.75,4.90
14.50,43,P,14308,0.033400,-0.0672,0.5749,0.05,0.10
15.00,43,C,1839,0.042200,0.9037,0.6063,4.35,4.45
15.00,43,P,41002,0.042200,-0.0912,0.5673,0.11,0.15
15.50,43,C,82,0.051700,0.8749,0.6208,3.90,4.00
15.50,43,P,8743,0.051700,-0.1199,0.5728,0.19,0.23
16.00,43,C,7679,0.061400,0.8393,0.6186,3.55,3.65
16.00,43,P,121897,0.061400,-0.1556,0.5927,0.32,0.35
16.50,43,C,152,0.069800,0.7945,0.6612,3.20,3.30
16.50,43,P,4805,0.069800,-0.2004,0.6246,0.49,0.53
17.00,43,C,3695,0.075200,0.7448,0.6910,2.96,3.05
17.00,43,P,179527,0.075200,-0.2500,0.6261,0.70,0.75
17.50,43,C,244,0.077200,0.6948,0.6624,2.71,2.77
17.50,43,P,23015,0.077200,-0.3001,0.7220,0.95,1.01
18.00,43,C,10505,0.077200,0.6485,0.7413,2.50,2.56
18.00,43,P,91460,0.077200,-0.3463,0.7264,1.24,1.29
18.50,43,C,3537,0.076100,0.6067,0.7689,2.31,2.37
18.50,43,P,5238,0.076100,-0.3881,0.7595,1.55,1.60
19.00,43,C,30785,0.074300,0.5690,0.7967,2.14,2.21
19.00,43,P,118133,0.074300,-0.4259,0.7885,1.87,1.94
19.50,43,C,15086,0.072200,0.5347,0.7913,2.00,2.06
19.50,43,P,20451,0.072200,-0.4601,0.8111,2.23,2.29
20.00,43,C,104840,0.070000,0.5036,0.8248,1.87,1.93
20.00,43,P,155498,0.070000,-0.4913,0.8111,2.60,2.65
20.50,43,C,3161,0.067600,0.4752,0.8865,1.75,1.81
20.50,43,P,6038,0.067600,-0.5197,0.8679,2.98,3.05
21.00,43,C,47696,0.065300,0.4492,0.9119,1.64,1.68
21.00,43,P,13948,0.065300,-0.5457,0.9270,3.35,3.45
21.50,43,C,2894,0.062900,0.4253,0.9383,1.55,1.61
21.50,43,P,3325,0.062900,-0.5695,0.9507,3.75,3.85
22.00,43,C,93891,0.060600,0.4035,0.9564,1.47,1.53
22.00,43,P,41772,0.060600,-0.5914,0.9798,4.15,4.25
22.50,43,C,1025,0.058300,0.3834,0.9785,1.39,1.45
23.00,43,C,65828,0.056100,0.3650,1.0011,1.32,1.38
23.00,43,P,7800,0.056100,-0.6299,1.0272,5.00,5.10
23.50,43,C,838,0.054000,0.3481,1.0245,1.26,1.31
23.50,43,P,8,0.054000,-0.6468,1.0563,5.45,5.55
24.00,43,C,73589,0.052000,0.3325,1.0472,1.20,1.25
24.00,43,P,13909,0.052000,-0.6624,1.0723,5.90,6.00
24.50,43,C,773,0.050000,0.3181,1.0695,1.14,1.20
24.50,43,P,4,0.050000,-0.6768,1.0961,6.35,6.45
25.00,43,C,196606,0.048200,0.3048,1.1156,1.10,1.15
25.00,43,P,7082,0.048200,-0.6900,1.1176,6.80,6.90
26.00,43,C,28929,0.044800,0.2813,1.1544,1.01,1.07
26.00,43,P,1800,0.044800,-0.7136,1.1655,7.70,7.80
27.00,43,C,15757,0.041700,0.2611,1.1690,0.94,1.00
27.00,43,P,188,0.041700,-0.7338,1.2064,8.60,8.70
28.00,43,C,43789,0.039000,0.2436,1.2069,0.88,0.94
28.00,43,P,105,0.039000,-0.7513,1.2529,9.55,9.65
29.00,43,C,12740,0.036500,0.2283,1.2418,0.83,0.88
29.00,43,P,563,0.036500,-0.7665,1.2821,10.50,10.60
30.00,43,C,165475,0.034300,0.2149,1.2771,0.78,0.84
30.00,43,P,4430,0.034300,-0.7800,1.2799,11.45,11.55
31.00,43,C,41145,0.032300,0.2029,1.3108,0.74,0.80
31.00,43,P,40,0.032300,-0.7920,1.2973,12.40,12.50
32.00,43,C,37076,0.030600,0.1922,1.3407,0.71,0.76
32.00,43,P,7,0.030600,-0.8026,1.3095,13.35,13.45
33.00,43,C,12153,0.029000,0.1826,1.3729,0.67,0.73
33.00,43,P,29,0.029000,-0.8123,1.3616,14.30,14.40
34.00,43,C,17659,0.027500,0.1738,1.4021,0.64,0.69
34.00,43,P,14,0.027500,-0.8211,1.3814,15.25,15.40
35.00,43,C,271467,0.026200,0.1658,1.4317,0.61,0.66
35.00,43,P,27,0.026200,-0.8291,1.3977,16.25,16.35
36.00,43,C,10282,0.025000,0.1584,1.4556,0.59,0.64
36.00,43,P,9,0.025000,-0.8365,1.4272,17.20,17.30
37.00,43,C,7395,0.023800,0.1516,1.5253,0.56,0.61
37.00,43,P,9,0.023800,-0.8433,1.4544,18.15,18.30
38.00,43,C,6071,0.022800,0.1453,1.5062,0.54,0.59
38.00,43,P,1,0.022800,-0.8496,1.4621,19.15,19.25
39.00,43,C,1130,0.021800,0.1394,1.5266,0.52,0.56
40.00,43,C,81507,0.021000,0.1340,1.5450,0.49,0.53
40.00,43,P,26,0.021000,-0.8609,1.5244,21.10,21.20
42.50,43,C,16460,0.019000,0.1218,1.5962,0.44,0.49
45.00,43,C,154456,0.017300,0.1114,1.6376,0.40,0.45
45.00,43,P,487,0.017300,-0.8835,1.6271,25.95,26.10
47.50,43,C,6028,0.015900,0.1024,1.6790,0.36,0.41
50.00,43,C,102453,0.014600,0.0945,1.7085,0.33,0.37
50.00,43,P,10,0.014600,-0.9004,1.6970,30.90,31.00
55.00,43,C,71968,0.012600,0.0814,1.7716,0.28,0.32
55.00,43,P,1,0.012600,-0.9135,1.7371,35.80,35.90
60.00,43,C,90070,0.011000,0.0709,1.8185,0.24,0.28
60.00,43,P,16,0.011000,-0.9239,1.8116,40.75,40.85
65.00,43,C,255523,0.009700,0.0624,1.8590,0.20,0.24
70.00,43,C,82118,0.008600,0.0554,1.8983,0.17,0.21
75.00,43,C,32330,0.007700,0.0495,1.9328,0.15,0.19
80.00,43,C,46539,0.007000,0.0446,1.9654,0.14,0.17
80.00,43,P,1,0.007000,-0.9503,1.9877,60.55,60.65
85.00,43,C,8209,0.006300,0.0403,1.9988,0.12,0.15
90.00,43,C,34769,0.005700,0.0366,2.0247,0.10,0.14
90.00,43,P,3,0.005700,-0.9582,2.0093,70.45,70.55
95.00,43,C,34946,0.005200,0.0334,2.0555,0.09,0.13
100.00,43,C,26307,0.004800,0.0306,2.1188,0.08,0.12
100.00,43,P,58,0.004800,-0.9643,2.0524,80.40,80.50
110.00,43,C,10185,0.004100,0.0259,2.1457,0.06,0.11
110.00,43,P,55,0.004100,-0.9689,2.0677,90.30,90.45
120.00,43,C,21864,0.003500,0.0222,2.2137,0.05,0.09
120.00,43,P,107,0.003500,-0.9726,2.1542,100.25,100.35
130.00,43,C,10037,0.003100,0.0192,2.2559,0.04,0.08
130.00,43,P,102,0.003100,-0.9756,2.1254,110.05,110.50
140.00,43,C,19929,0.002700,0.0168,2.3246,0.04,0.07
140.00,43,P,120,0.002700,-0.9781,2.1985,120.00,120.45
150.00,43,C,27561,0.002400,0.0148,2.2594,0.03,0.06
150.00,43,P,1,0.002400,-0.9801,2.2665,129.95,130.40
160.00,43,C,720,0.002100,0.0131,2.4279,0.03,0.05
170.00,43,C,3293,0.001900,0.0116,2.4624,0.02,0.05
180.00,43,C,2762,0.001700,0.0104,2.5133,0.00,0.04
190.00,43,C,2060,0.001600,0.0093,2.5610,0.00,0.04
200.00,43,C,2297,0.001400,0.0084,2.5843,0.01,0.04
200.00,43,P,41,0.001400,-0.9864,2.5518,179.65,180.15
10.00,78,C,139,0.002000,0.9867,0.7812,10.05,10.35
10.00,78,P,217,0.002000,-0.0039,0.6320,0.00,0.02
10.50,78,P,1,0.003000,-0.0060,0.7748,0.00,0.03
11.00,78,C,51,0.004300,0.9818,0.6621,9.05,9.35
11.00,78,P,10,0.004300,-0.0088,0.7359,0.00,0.03
11.50,78,C,2,0.005900,0.9782,0.6061,8.55,8.85
11.50,78,P,204,0.005900,-0.0125,0.6888,0.00,0.03
12.00,78,C,13,0.007900,0.9734,0.0000,8.05,8.35
12.00,78,P,396,0.007900,-0.0172,0.6436,0.00,0.04
12.50,78,C,3,0.010400,0.9674,0.4999,7.65,7.80
12.50,78,P,319,0.010400,-0.0232,0.6080,0.00,0.04
13.00,78,C,17,0.013400,0.9596,0.5558,7.20,7.30
13.00,78,P,2083,0.013400,-0.0310,0.4538,0.01,0.04
13.50,78,C,25,0.017100,0.9498,0.5084,6.70,6.80
13.50,78,P,612,0.017100,-0.0409,0.4337,0.03,0.05
14.00,78,C,195,0.021400,0.9373,0.5244,6.25,6.35
14.00,78,P,419,0.021400,-0.0533,0.5032,0.05,0.09
14.50,78,C,30,0.026400,0.9216,0.5246,5.80,5.90
14.50,78,P,3019,0.026400,-0.0690,0.5166,0.10,0.12
15.00,78,C,660,0.032000,0.9019,0.5332,5.35,5.45
15.00,78,P,16274,0.032000,-0.0887,0.5162,0.16,0.20
16.00,78,C,1589,0.043900,0.8480,0.5209,4.60,4.70
16.00,78,P,56181,0.043900,-0.1426,0.5593,0.39,0.44
17.00,78,C,1553,0.053100,0.7776,0.6275,4.00,4.10
17.00,78,P,57468,0.053100,-0.2130,0.5854,0.76,0.81
18.00,78,C,5009,0.057200,0.7035,0.6151,3.50,3.60
18.00,78,P,53802,0.057200,-0.2871,0.6383,1.25,1.31
19.00,78,C,3440,0.057600,0.6363,0.7008,3.10,3.20
19.00,78,P,41801,0.057600,-0.3543,0.6944,1.84,1.91
20.00,78,C,61751,0.056300,0.5783,0.7198,2.79,2.85
20.00,78,P,68265,0.056300,-0.4123,0.7329,2.51,2.58
21.00,78,C,31443,0.054200,0.5282,0.7801,2.51,2.58
21.00,78,P,47192,0.054200,-0.4624,0.7466,3.20,3.30
22.00,78,C,14423,0.051800,0.4847,0.8160,2.28,2.35
22.00,78,P,9715,0.051800,-0.5059,0.8082,3.95,4.10
23.00,78,C,34156,0.049400,0.4468,0.8306,2.08,2.15
23.00,78,P,10925,0.049400,-0.5438,0.8430,4.75,4.85
24.00,78,C,48942,0.046900,0.4136,0.8805,1.91,1.98
24.00,78,P,2142,0.046900,-0.5770,0.9025,5.60,5.70
25.00,78,C,79131,0.044500,0.3844,0.9101,1.76,1.83
25.00,78,P,17881,0.044500,-0.6062,0.9267,6.45,6.55
26.00,78,C,29916,0.042200,0.3587,0.9385,1.64,1.69
26.00,78,P,1331,0.042200,-0.6319,0.9366,7.30,7.40
27.00,78,C,21017,0.040000,0.3360,0.9653,1.51,1.58
27.00,78,P,39,0.040000,-0.6547,0.9911,8.15,8.25
28.00,78,C,13003,0.038000,0.3157,0.9900,1.42,1.48
28.00,78,P,15,0.038000,-0.6749,0.9586,9.05,9.15
29.00,78,C,11406,0.036100,0.2977,0.9832,1.33,1.39
29.00,78,P,563,0.036100,-0.6930,0.9885,9.95,10.05
30.00,78,C,95109,0.034400,0.2815,1.0369,1.26,1.32
30.00,78,P,625,0.034400,-0.7091,1.0548,10.85,11.00
31.00,78,C,799,0.032800,0.2669,1.0605,1.19,1.25
31.00,78,P,20,0.032800,-0.7237,1.0541,11.80,11.90
32.00,78,C,1090,0.031300,0.2537,1.0826,1.13,1.20
33.00,78,C,24112,0.029900,0.2417,1.0668,1.08,1.14
33.00,78,P,2,0.029900,-0.7489,1.0999,13.65,13.80
34.00,78,C,2989,0.028600,0.2308,1.1221,1.04,1.10
34.00,78,P,3,0.028600,-0.7598,1.1145,14.60,14.75
35.00,78,C,180720,0.027400,0.2207,1.1179,0.99,1.06
35.00,78,P,81,0.027400,-0.7699,1.1356,15.55,15.70
36.00,78,C,287,0.026400,0.2115,1.1595,0.96,1.02
36.00,78,P,40,0.026400,-0.7791,1.1547,16.50,16.65
37.00,78,C,21546,0.025300,0.2030,1.1789,0.92,0.98
37.00,78,P,1,0.025300,-0.7876,1.1815,17.45,17.60
38.00,78,C,399,0.024400,0.1951,1.1946,0.89,0.95
39.00,78,C,3306,0.023500,0.1878,1.2127,0.86,0.92
39.00,78,P,404,0.023500,-0.8028,1.1905,19.40,19.50
40.00,78,C,53809,0.022600,0.1809,1.2272,0.83,0.89
40.00,78,P,109,0.022600,-0.8097,1.2334,20.35,20.45
42.50,78,C,1564,0.020800,0.1657,1.2627,0.76,0.82
45.00,78,C,19892,0.019200,0.1526,1.2971,0.70,0.76
45.00,78,P,198,0.019200,-0.8380,1.3072,25.20,25.30
47.50,78,C,1244,0.017800,0.1412,1.3276,0.65,0.70
47.50,78,P,1,0.017800,-0.8494,1.3398,27.60,27.70
50.00,78,C,235927,0.016500,0.1313,1.3874,0.60,0.65
50.00,78,P,1,0.016500,-0.8593,1.3669,30.05,30.15
55.00,78,C,54762,0.014500,0.1146,1.4083,0.52,0.57
55.00,78,P,2,0.014500,-0.8760,1.4199,34.90,35.00
60.00,78,C,134784,0.012800,0.1012,1.4525,0.45,0.50
60.00,78,P,9,0.012800,-0.8894,1.4572,39.80,39.90
65.00,78,C,65560,0.011500,0.0902,1.4904,0.39,0.44
65.00,78,P,7,0.011500,-0.9004,1.4968,44.70,44.80
70.00,78,C,74740,0.010400,0.0811,1.5174,0.34,0.38
70.00,78,P,136,0.010400,-0.9095,1.5259,49.60,49.70
75.00,78,C,17630,0.009400,0.0734,1.5338,0.30,0.34
80.00,78,C,31644,0.008600,0.0668,1.5711,0.26,0.31
80.00,78,P,30,0.008600,-0.9238,1.5971,59.40,59.55
85.00,78,C,30166,0.007900,0.0611,1.5939,0.23,0.28
90.00,78,C,23239,0.007300,0.0562,1.6156,0.21,0.26
95.00,78,C,50383,0.006700,0.0520,1.6640,0.19,0.24
100.00,78,C,52384,0.006300,0.0482,1.6371,0.17,0.22
100.00,78,P,5,0.006300,-0.9424,1.6975,79.15,79.25
110.00,78,C,1399,0.005500,0.0420,1.6908,0.15,0.19
110.00,78,P,2,0.005500,-0.9486,1.7369,89.05,89.15
120.00,78,C,559,0.004800,0.0370,1.7206,0.12,0.17
120.00,78,P,136,0.004800,-0.9536,1.7959,98.90,99.05
130.00,78,C,4064,0.004300,0.0330,1.7474,0.11,0.15
140.00,78,C,930,0.003900,0.0296,1.7741,0.09,0.13
140.00,78,P,223,0.003900,-0.9610,1.8608,118.70,118.85
150.00,78,C,6503,0.003500,0.0269,1.8034,0.08,0.12
150.00,78,P,1,0.003500,-0.9638,1.8624,128.60,128.70
160.00,78,C,1001,0.003200,0.0245,1.8380,0.07,0.11
170.00,78,C,553,0.003000,0.0225,1.8690,0.06,0.10
180.00,78,C,63,0.002700,0.0207,1.9079,0.06,0.09
190.00,78,C,2,0.002600,0.0192,1.9331,0.05,0.08
200.00,78,C,5987,0.002400,0.0179,1.9555,0.04,0.07
200.00,78,P,8,0.002400,-0.9727,2.0530,177.95,178.40
10.00,106,C,212,0.002400,0.9817,0.5719,10.35,10.75
10.00,106,P,350,0.002400,-0.0054,0.5545,0.00,0.02
10.50,106,C,2,0.003200,0.9802,0.4947,9.85,10.25
10.50,106,P,201,0.003200,-0.0069,0.7133,0.00,0.03
11.00,106,C,120,0.004100,0.9781,0.0000,9.35,9.75
11.00,106,P,409,0.004100,-0.0090,0.6700,0.00,0.03
11.50,106,P,3,0.005400,-0.0120,0.6355,0.00,0.03
12.00,106,C,9,0.007100,0.9711,0.4351,8.40,8.60
12.00,106,P,611,0.007100,-0.0160,0.5954,0.00,0.02
13.00,106,C,188,0.012000,0.9583,0.4145,7.55,7.70
13.00,106,P,1233,0.012000,-0.0287,0.4166,0.01,0.05
13.50,106,C,2,0.015300,0.9491,0.4211,7.05,7.20
13.50,106,P,96,0.015300,-0.0380,0.5042,0.04,0.06
14.00,106,C,832,0.019200,0.9374,0.4448,6.60,6.75
14.00,106,P,421,0.019200,-0.0496,0.4859,0.07,0.12
14.50,106,C,4,0.023700,0.9226,0.4690,6.20,6.30
14.50,106,P,2464,0.023700,-0.0644,0.4692,0.13,0.17
15.00,106,C,474,0.028800,0.9027,0.4766,5.75,5.90
15.00,106,P,112714,0.028800,-0.0844,0.5191,0.21,0.25
16.00,106,C,791,0.039100,0.8456,0.5094,5.05,5.15
16.00,106,P,22337,0.039100,-0.1415,0.5092,0.46,0.51
17.00,106,C,648,0.046000,0.7786,0.4822,4.40,4.55
17.00,106,P,37859,0.046000,-0.2084,0.5593,0.82,0.88
18.00,106,C,1456,0.049600,0.7137,0.5345,3.90,4.05
18.00,106,P,22032,0.049600,-0.2734,0.5841,1.30,1.37
19.00,106,C,577,0.050900,0.6539,0.5816,3.50,3.65
19.00,106,P,22583,0.050900,-0.3331,0.6248,1.88,1.95
20.00,106,C,14056,0.050800,0.6002,0.6716,3.20,3.30
20.00,106,P,28479,0.050800,-0.3868,0.6600,2.52,2.60
21.00,106,C,20679,0.049800,0.5525,0.6916,2.91,2.99
21.00,106,P,23520,0.049800,-0.4346,0.6592,3.20,3.35
22.00,106,C,15811,0.048200,0.5103,0.7226,2.67,2.75
22.00,106,P,61207,0.048200,-0.4768,0.6843,3.95,4.05
23.00,106,C,14294,0.046400,0.4730,0.7491,2.45,2.54
23.00,106,P,35429,0.046400,-0.5140,0.7297,4.75,4.85
24.00,106,C,9628,0.044500,0.4400,0.7753,2.27,2.35
24.00,106,P,7613,0.044500,-0.5471,0.7725,5.55,5.65
25.00,106,C,50003,0.042500,0.4107,0.8013,2.10,2.18
25.00,106,P,4424,0.042500,-0.5764,0.8027,6.35,6.45
26.00,106,C,11413,0.040600,0.3845,0.8225,1.95,2.03
26.00,106,P,1327,0.040600,-0.6026,0.8743,7.20,7.30
27.00,106,C,36361,0.038800,0.3611,0.8431,1.81,1.89
27.00,106,P,29,0.038800,-0.6260,0.8399,8.05,8.15
28.00,106,C,1784,0.037100,0.3400,0.8629,1.70,1.77
28.00,106,P,98,0.037100,-0.6471,0.8603,8.90,9.05
29.00,106,C,1807,0.035400,0.3210,0.8824,1.60,1.67
29.00,106,P,570,0.035400,-0.6661,0.8831,9.80,9.90
30.00,106,C,57150,0.033900,0.3037,0.9048,1.50,1.57
30.00,106,P,627,0.033900,-0.6834,0.9603,10.70,10.80
31.00,106,C,192,0.032500,0.2880,0.9229,1.42,1.49
31.00,106,P,30,0.032500,-0.6991,0.9451,11.60,11.70
32.00,106,C,547,0.031100,0.2737,0.9340,1.35,1.42
32.00,106,P,11,0.031100,-0.7134,0.9522,12.50,12.65
33.00,106,C,1839,0.029800,0.2606,0.9521,1.28,1.35
33.00,106,P,3,0.029800,-0.7265,0.9840,13.40,13.55
34.00,106,C,639,0.028600,0.2486,0.9665,1.22,1.29
35.00,106,C,23364,0.027500,0.2375,0.9816,1.17,1.24
35.00,106,P,3,0.027500,-0.7496,1.0568,15.30,15.40
36.00,106,C,357,0.026500,0.2273,0.9949,1.12,1.19
37.00,106,C,870,0.025500,0.2178,1.0188,1.08,1.15
37.00,106,P,2,0.025500,-0.7692,1.0512,17.15,17.30
38.00,106,C,4445,0.024600,0.2091,1.0240,1.04,1.11
38.00,106,P,3,0.024600,-0.7780,1.0443,18.10,18.25
39.00,106,C,602,0.023700,0.2010,1.0582,1.00,1.07
39.00,106,P,1,0.023700,-0.7861,1.0588,19.05,19.20
40.00,106,C,5773,0.022900,0.1934,1.0504,0.97,1.03
40.00,106,P,10,0.022900,-0.7936,1.0298,20.00,20.15
42.50,106,C,3846,0.021000,0.1767,1.0721,0.89,0.96
42.50,106,P,59,0.021000,-0.8104,1.1081,22.40,22.55
45.00,106,C,3200,0.019400,0.1624,1.1106,0.83,0.89
45.00,106,P,4,0.019400,-0.8246,1.1381,24.80,24.95
47.50,106,C,2727,0.018000,0.1502,1.1364,0.77,0.82
50.00,106,C,7963,0.016800,0.1396,1.2077,0.71,0.77
55.00,106,C,16228,0.014800,0.1222,1.2078,0.61,0.67
60.00,106,C,176193,0.013100,0.1085,1.2533,0.53,0.59
65.00,106,C,33282,0.011800,0.0975,1.2888,0.46,0.52
70.00,106,C,65604,0.010700,0.0884,1.3183,0.41,0.46
75.00,106,C,32700,0.009800,0.0808,1.3401,0.36,0.41
75.00,106,P,1,0.009800,-0.9062,1.3477,53.95,54.10
80.00,106,C,25728,0.009000,0.0744,1.4036,0.32,0.37
80.00,106,P,2,0.009000,-0.9127,1.3725,58.85,59.00
85.00,106,C,1699,0.008300,0.0689,1.3798,0.29,0.33
90.00,106,C,29215,0.007800,0.0640,1.3970,0.26,0.30
95.00,106,C,34060,0.007200,0.0598,1.4138,0.23,0.28
100.00,106,C,1262,0.006800,0.0561,1.4121,0.21,0.26
100.00,106,P,4,0.006800,-0.9310,1.4617,78.50,78.65
110.00,106,C,1203,0.006000,0.0498,1.4551,0.18,0.23
120.00,106,C,1613,0.005400,0.0447,1.4837,0.16,0.20
120.00,106,P,61,0.005400,-0.9424,1.5460,98.20,98.35
130.00,106,C,4924,0.004900,0.0405,1.5098,0.14,0.18
140.00,106,C,4691,0.004500,0.0370,1.5493,0.12,0.16
140.00,106,P,108,0.004500,-0.9501,1.5011,117.90,118.05
150.00,106,C,181,0.004100,0.0340,1.5778,0.10,0.15
160.00,106,C,3731,0.003800,0.0315,1.6096,0.09,0.14
170.00,106,C,960,0.003500,0.0293,1.6384,0.08,0.13
180.00,106,C,462,0.003300,0.0273,1.6644,0.07,0.11
190.00,106,C,313,0.003100,0.0256,1.6963,0.06,0.10
190.00,106,P,1,0.003100,-0.9615,1.6289,167.25,167.40
200.00,106,C,2724,0.002900,0.0241,1.7180,0.05,0.10
200.00,106,P,2,0.002900,-0.9630,1.6103,177.10,177.25
10.00,134,C,282,0.002800,0.9772,0.6803,10.40,10.80
10.00,134,P,158,0.002800,-0.0064,0.5201,0.00,0.03
10.50,134,C,47,0.003600,0.9752,0.6284,9.90,10.35
10.50,134,P,265,0.003600,-0.0085,0.6368,0.00,0.03
11.00,134,C,112,0.004700,0.9726,0.5788,9.40,9.85
11.00,134,P,205,0.004700,-0.0111,0.6454,0.00,0.03
11.50,134,C,8,0.006100,0.9692,0.5313,8.95,9.35
11.50,134,P,100,0.006100,-0.0144,0.6112,0.00,0.04
12.00,134,C,64,0.007700,0.9651,0.5480,8.45,8.85
12.00,134,P,240,0.007700,-0.0186,0.5780,0.00,0.04
12.50,134,C,9,0.009700,0.9601,0.5046,7.95,8.40
12.50,134,P,102,0.009700,-0.0236,0.5456,0.00,0.05
13.00,134,C,57,0.012200,0.9538,0.5086,7.50,7.90
13.00,134,P,134,0.012200,-0.0298,0.3608,0.02,0.04
13.50,134,C,19,0.015300,0.9449,0.4679,7.05,7.45
13.50,134,P,1050,0.015300,-0.0388,0.4906,0.05,0.08
14.00,134,C,931,0.019500,0.9308,0.4806,6.60,7.00
14.00,134,P,857,0.019500,-0.0529,0.4730,0.09,0.15
14.50,134,C,43,0.024300,0.9111,0.4830,6.25,6.45
14.50,134,P,5657,0.024300,-0.0725,0.4704,0.16,0.22
15.00,134,C,361,0.029200,0.8872,0.4900,5.85,6.10
15.00,134,P,69090,0.029200,-0.0965,0.4831,0.26,0.31
16.00,134,C,1119,0.037800,0.8322,0.5100,5.20,5.35
16.00,134,P,6290,0.037800,-0.1514,0.4673,0.54,0.60
17.00,134,C,1806,0.043500,0.7693,0.6005,4.50,4.75
17.00,134,P,50008,0.043500,-0.2144,0.5487,0.93,0.99
18.00,134,C,600,0.046300,0.7086,0.6307,4.05,4.25
18.00,134,P,12050,0.046300,-0.2750,0.5742,1.42,1.50
19.00,134,C,185,0.047300,0.6533,0.6106,3.70,3.85
19.00,134,P,5325,0.047300,-0.3304,0.6061,1.99,2.08
20.00,134,C,5713,0.047200,0.6035,0.5883,3.40,3.50
20.00,134,P,7178,0.047200,-0.3802,0.6382,2.64,2.72
21.00,134,C,7123,0.046500,0.5588,0.6171,3.05,3.20
21.00,134,P,13823,0.046500,-0.4248,0.6648,3.30,3.45
22.00,134,C,5396,0.045400,0.5188,0.6978,2.84,2.94
22.00,134,P,5592,0.045400,-0.4649,0.6884,4.05,4.15
23.00,134,C,10614,0.044000,0.4828,0.7237,2.62,2.71
23.00,134,P,11718,0.044000,-0.5009,0.7146,4.80,4.95
24.00,134,C,426,0.042500,0.4504,0.7456,2.42,2.51
24.00,134,P,1233,0.042500,-0.5332,0.7387,5.60,5.70
25.00,134,C,3523,0.040900,0.4213,0.7635,2.25,2.34
25.00,134,P,2253,0.040900,-0.5623,0.7568,6.40,6.55
26.00,134,C,2727,0.039300,0.3951,0.7823,2.09,2.17
26.00,134,P,1308,0.039300,-0.5886,0.7748,7.20,7.35
27.00,134,C,5181,0.037800,0.3714,0.7945,1.95,2.03
27.00,134,P,65,0.037800,-0.6122,0.7935,8.05,8.20
28.00,134,C,771,0.036200,0.3500,0.8175,1.82,1.90
28.00,134,P,21,0.036200,-0.6337,0.8135,8.90,9.10
29.00,134,C,1293,0.034800,0.3306,0.8273,1.71,1.79
29.00,134,P,512,0.034800,-0.6530,0.8246,9.75,9.95
30.00,134,C,9990,0.033400,0.3130,0.8426,1.61,1.69
30.00,134,P,590,0.033400,-0.6706,0.8266,10.65,10.85
31.00,134,C,209,0.032000,0.2971,0.8574,1.52,1.60
31.00,134,P,122,0.032000,-0.6866,0.8424,11.55,11.75
32.00,134,C,1089,0.030800,0.2825,0.8744,1.43,1.51
32.00,134,P,2,0.030800,-0.7012,0.9088,12.45,12.65
33.00,134,C,2963,0.029600,0.2692,0.8820,1.36,1.44
34.00,134,C,151,0.028400,0.2570,0.9058,1.30,1.37
35.00,134,C,7203,0.027400,0.2458,0.9001,1.24,1.32
35.00,134,P,20,0.027400,-0.7379,0.9518,15.20,15.40
36.00,134,C,1294,0.026400,0.2355,0.9087,1.19,1.26
37.00,134,C,1129,0.025400,0.2260,0.9411,1.14,1.21
37.00,134,P,2,0.025400,-0.7577,0.9165,17.05,17.25
38.00,134,C,2849,0.024500,0.2172,0.9672,1.09,1.17
38.00,134,P,500,0.024500,-0.7665,0.9107,18.00,18.20
39.00,134,C,515,0.023700,0.2091,0.9650,1.05,1.12
40.00,134,C,9320,0.022900,0.2015,1.0261,1.01,1.08
40.00,134,P,13,0.022900,-0.7822,0.9216,19.90,20.10
42.50,134,C,1355,0.021100,0.1847,1.0225,0.93,1.00
45.00,134,C,11169,0.019600,0.1704,1.0241,0.86,0.93
45.00,134,P,2,0.019600,-0.8132,1.0159,24.60,25.50
47.50,134,C,4533,0.018200,0.1582,1.0458,0.79,0.86
50.00,134,C,3332,0.017000,0.1475,1.1483,0.74,0.80
55.00,134,C,9050,0.015000,0.1298,1.1053,0.64,0.70
60.00,134,C,4016,0.013400,0.1157,1.1358,0.56,0.62
65.00,134,C,6336,0.012100,0.1041,1.1716,0.49,0.55
70.00,134,C,26181,0.011000,0.0945,1.1324,0.44,0.49
75.00,134,C,6057,0.010100,0.0864,1.2194,0.39,0.44
80.00,134,C,3343,0.009300,0.0794,1.2755,0.35,0.40
85.00,134,C,5749,0.008600,0.0734,1.3049,0.31,0.37
90.00,134,C,934,0.008000,0.0681,1.2774,0.28,0.34
95.00,134,C,124,0.007500,0.0635,1.2914,0.26,0.31
100.00,134,C,13184,0.007000,0.0594,1.3088,0.24,0.29
100.00,134,P,6,0.007000,-0.9244,1.3209,78.10,78.40
110.00,134,C,1334,0.006200,0.0524,1.3058,0.20,0.25
110.00,134,P,1,0.006200,-0.9313,1.3516,87.45,88.20
120.00,134,C,259,0.005500,0.0467,1.3610,0.17,0.23
120.00,134,P,1,0.005500,-0.9370,1.3937,97.70,98.05
130.00,134,C,300,0.005000,0.0420,1.3883,0.15,0.20
140.00,134,C,352,0.004500,0.0381,1.4540,0.13,0.18
150.00,134,C,360,0.004100,0.0348,1.4533,0.12,0.17
160.00,134,C,100,0.003800,0.0319,1.4835,0.10,0.15
180.00,134,C,110,0.003300,0.0273,1.5362,0.08,0.13
180.00,134,P,1,0.003300,-0.9564,1.5562,156.50,157.15
190.00,134,C,200,0.003000,0.0254,1.5592,0.07,0.12
190.00,134,P,2,0.003000,-0.9583,1.5722,166.35,167.00
200.00,134,C,177,0.002800,0.0237,1.5803,0.07,0.11
200.00,134,P,7,0.002800,-0.9600,1.5856,176.15,176.80
10.00,169,C,17,0.001400,0.9763,0.0000,11.20,11.70
10.00,169,P,14,0.001400,-0.0031,0.4294,0.00,0.01
10.50,169,C,2,0.002100,0.9748,0.4046,10.70,11.20
10.50,169,P,5,0.002100,-0.0046,0.6352,0.00,0.03
11.00,169,C,40,0.002900,0.9728,0.0000,10.20,10.70
11.50,169,C,1,0.004000,0.9701,0.0000,9.70,10.20
11.50,169,P,1,0.004000,-0.0093,0.5697,0.00,0.04
12.00,169,C,42,0.005300,0.9668,0.0000,9.25,9.75
12.50,169,C,27,0.006900,0.9627,0.3526,8.75,9.25
13.00,169,C,13,0.008800,0.9576,0.2824,8.30,8.75
13.00,169,P,16,0.008800,-0.0219,0.4855,0.01,0.06
13.50,169,C,3,0.011300,0.9504,0.3638,7.80,8.30
13.50,169,P,10,0.011300,-0.0290,0.4623,0.04,0.09
14.00,169,C,209,0.014500,0.9395,0.3818,7.50,7.70
14.00,169,P,78,0.014500,-0.0399,0.3922,0.08,0.13
14.50,169,C,12,0.018400,0.9243,0.3860,7.10,7.35
14.50,169,P,277,0.018400,-0.0552,0.4331,0.16,0.19
15.00,169,C,327,0.022600,0.9051,0.4100,6.65,6.95
15.00,169,P,2651,0.022600,-0.0743,0.3790,0.21,0.27
16.00,169,C,2399,0.030600,0.8585,0.4496,5.90,6.20
16.00,169,P,1292,0.030600,-0.1209,0.4159,0.44,0.50
17.00,169,C,394,0.037200,0.8062,0.4708,5.35,5.55
17.00,169,P,15238,0.037200,-0.1732,0.4598,0.77,0.84
18.00,169,C,323,0.041400,0.7492,0.5001,4.70,4.95
18.00,169,P,166,0.041400,-0.2302,0.4706,1.20,1.28
19.00,169,C,153,0.043500,0.6939,0.5311,4.25,4.50
19.00,169,P,10024,0.043500,-0.2855,0.5220,1.72,1.80
20.00,169,C,4267,0.044200,0.6432,0.5609,4.00,4.10
20.00,169,P,259,0.044200,-0.3362,0.5366,2.31,2.40
21.00,169,C,7173,0.044000,0.5975,0.5848,3.60,3.80
21.00,169,P,7121,0.044000,-0.3819,0.5724,2.95,3.05
22.00,169,C,16690,0.043300,0.5564,0.6078,3.35,3.50
22.00,169,P,9574,0.043300,-0.4230,0.6036,3.60,3.75
23.00,169,C,259,0.042200,0.5194,0.6296,3.10,3.25
23.00,169,P,1564,0.042200,-0.4600,0.6222,4.35,4.50
24.00,169,C,42,0.041000,0.4860,0.6802,2.87,2.99
24.00,169,P,9,0.041000,-0.4934,0.6408,5.10,5.25
25.00,169,C,7035,0.039700,0.4558,0.6670,2.68,2.79
25.00,169,P,2269,0.039700,-0.5236,0.6580,5.90,6.05
26.00,169,C,15085,0.038400,0.4285,0.6861,2.50,2.61
26.00,169,P,1207,0.038400,-0.5509,0.6745,6.70,6.85
27.00,169,C,317,0.037000,0.4037,0.7027,2.34,2.44
27.00,169,P,10,0.037000,-0.5757,0.6911,7.50,7.65
28.00,169,C,382,0.035700,0.3811,0.7138,2.19,2.29
28.00,169,P,23,0.035700,-0.5983,0.7084,8.35,8.45
29.00,169,C,255,0.034400,0.3605,0.7278,2.06,2.16
29.00,169,P,503,0.034400,-0.6189,0.7178,9.20,9.35
30.00,169,C,1131,0.033100,0.3417,0.7407,1.94,2.05
30.00,169,P,503,0.033100,-0.6377,0.7287,10.05,10.25
31.00,169,C,319,0.031900,0.3245,0.7528,1.84,1.94
31.00,169,P,1,0.031900,-0.6549,0.7844,10.90,11.10
32.00,169,C,438,0.030700,0.3087,0.7643,1.74,1.83
33.00,169,C,33,0.029600,0.2942,0.7757,1.65,1.74
34.00,169,C,901,0.028500,0.2808,0.7942,1.57,1.66
35.00,169,C,335,0.027500,0.2685,0.7967,1.50,1.58
36.00,169,C,1,0.026500,0.2570,0.8056,1.43,1.51
37.00,169,C,2,0.025600,0.2465,0.7747,1.37,1.46
38.00,169,C,26,0.024800,0.2366,0.8278,1.31,1.39
39.00,169,C,8,0.023900,0.2275,0.8335,1.26,1.34
40.00,169,C,9445,0.023200,0.2190,0.8161,1.21,1.29
42.50,169,C,45,0.021400,0.2000,0.8653,1.10,1.17
45.00,169,C,5597,0.019800,0.1839,0.8028,1.00,1.07
47.50,169,C,20,0.018500,0.1699,0.8660,0.92,1.00
50.00,169,C,654,0.017300,0.1578,0.9392,0.85,0.93
55.00,169,C,562,0.015200,0.1378,0.9783,0.74,0.81
60.00,169,C,128,0.013600,0.1218,0.9701,0.64,0.71
65.00,169,C,20,0.012200,0.1089,1.0085,0.56,0.63
70.00,169,C,397,0.011000,0.0982,1.0511,0.50,0.57
75.00,169,C,383,0.010100,0.0892,1.0533,0.45,0.51
75.00,169,P,1,0.010100,-0.8902,1.0634,52.50,53.40
80.00,169,C,436,0.009200,0.0814,1.0066,0.40,0.44
80.00,169,P,1,0.009200,-0.8980,1.0806,57.35,57.70
85.00,169,C,16,0.008500,0.0748,1.0883,0.36,0.42
90.00,169,C,48,0.007900,0.0690,1.0877,0.33,0.38
95.00,169,C,56,0.007300,0.0639,1.1178,0.30,0.36
100.00,169,C,101,0.006800,0.0594,1.2038,0.27,0.33
100.00,169,P,1,0.006800,-0.9200,1.1322,76.80,77.15
110.00,169,C,31,0.006000,0.0518,1.1550,0.23,0.29
120.00,169,C,78,0.005300,0.0457,1.1819,0.20,0.25
130.00,169,C,9,0.004800,0.0407,1.2151,0.17,0.23
140.00,169,C,110,0.004300,0.0365,1.2398,0.15,0.21
150.00,169,C,113,0.003900,0.0330,1.2697,0.13,0.19
160.00,169,C,26,0.003600,0.0299,1.2922,0.12,0.17
170.00,169,C,12,0.003300,0.0273,1.3169,0.10,0.16
180.00,169,C,21,0.003000,0.0251,1.3395,0.09,0.15
190.00,169,C,36,0.002800,0.0231,1.3602,0.08,0.14
200.00,169,C,454,0.002600,0.0213,1.2629,0.07,0.13
200.00,169,P,1,0.002600,-0.9581,0.0000,174.25,175.05
10.00,197,C,35,0.001300,0.9730,0.4610,11.55,12.05
10.00,197,P,13,0.001300,-0.0030,0.4059,0.00,0.01
11.00,197,C,181,0.002700,0.9695,0.0000,10.55,11.10
11.50,197,C,5,0.003800,0.9667,0.4207,10.05,10.60
12.00,197,C,2,0.005100,0.9629,0.3679,9.60,10.10
12.00,197,P,5,0.005100,-0.0130,0.5393,0.00,0.04
13.00,197,C,4,0.008900,0.9515,0.3707,8.65,9.15
13.00,197,P,6,0.008900,-0.0244,0.4077,0.00,0.06
13.50,197,C,1,0.011200,0.9437,0.3631,8.15,8.70
13.50,197,P,1,0.011200,-0.0322,0.4650,0.02,0.08
14.00,197,C,4,0.013900,0.9344,0.3743,7.70,8.25
14.00,197,P,4,0.013900,-0.0415,0.3749,0.06,0.12
14.50,197,C,27,0.016900,0.9229,0.3909,7.40,7.75
14.50,197,P,20,0.016900,-0.0530,0.4362,0.11,0.17
15.00,197,C,67,0.020500,0.9075,0.3967,6.95,7.35
15.00,197,P,434,0.020500,-0.0684,0.3796,0.18,0.24
16.00,197,C,2106,0.027900,0.8652,0.4254,6.20,6.60
16.00,197,P,276,0.027900,-0.1108,0.3880,0.39,0.46
17.00,197,C,32,0.034200,0.8152,0.4538,5.50,5.95
17.00,197,P,18,0.034200,-0.1608,0.4253,0.70,0.78
18.00,197,C,155,0.038500,0.7606,0.4772,5.05,5.35
18.00,197,P,12,0.038500,-0.2154,0.4912,1.12,1.20
19.00,197,C,61,0.040400,0.7064,0.5034,4.55,4.85
19.00,197,P,8,0.040400,-0.2696,0.5008,1.60,1.71
20.00,197,C,296,0.041000,0.6574,0.5641,4.20,4.45
20.00,197,P,184,0.041000,-0.3185,0.5290,2.18,2.29
21.00,197,C,38,0.040900,0.6136,0.5560,3.85,4.05
21.00,197,P,23,0.040900,-0.3623,0.5450,2.80,2.93
22.00,197,C,1655,0.040400,0.5742,0.5777,3.55,3.75
22.00,197,P,1642,0.040400,-0.4017,0.5734,3.45,3.65
23.00,197,C,13,0.039600,0.5386,0.5975,3.30,3.50
23.00,197,P,30,0.039600,-0.4374,0.5915,4.20,4.35
24.00,197,C,205,0.038700,0.5062,0.6150,3.10,3.25
24.00,197,P,6,0.038700,-0.4697,0.6113,4.95,5.10
25.00,197,C,390,0.037700,0.4768,0.6358,2.93,3.05
25.00,197,P,7,0.037700,-0.4992,0.6296,5.70,5.85
26.00,197,C,5,0.036600,0.4498,0.6473,2.69,2.86
26.00,197,P,2,0.036600,-0.5262,0.6472,6.45,6.65
27.00,197,C,72,0.035500,0.4251,0.6644,2.52,2.67
27.00,197,P,14,0.035500,-0.5508,0.6609,7.25,7.45
28.00,197,C,221,0.034400,0.4024,0.6746,2.37,2.52
28.00,197,P,8,0.034400,-0.5735,0.6710,8.10,8.30
29.00,197,C,332,0.033300,0.3816,0.6883,2.23,2.38
29.00,197,P,3,0.033300,-0.5944,0.6861,8.90,9.15
30.00,197,C,626,0.032200,0.3624,0.7009,2.11,2.25
30.00,197,P,5,0.032200,-0.6135,0.6942,9.75,10.00
31.00,197,C,48,0.031100,0.3447,0.7160,1.99,2.13
32.00,197,C,166,0.030100,0.3284,0.7274,1.89,2.02
33.00,197,C,5136,0.029100,0.3133,0.7340,1.79,1.92
34.00,197,C,12,0.028100,0.2993,0.7440,1.71,1.83
35.00,197,C,205,0.027200,0.2863,0.7560,1.63,1.75
37.00,197,C,1,0.025500,0.2630,0.7737,1.48,1.60
38.00,197,C,1,0.024700,0.2526,0.7825,1.42,1.54
40.00,197,C,204,0.023200,0.2337,0.7974,1.30,1.42
42.50,197,C,9,0.021500,0.2132,0.8156,1.18,1.29
45.00,197,C,243,0.020000,0.1957,0.8313,1.08,1.19
47.50,197,C,1315,0.018600,0.1805,0.8469,0.99,1.09
50.00,197,C,454,0.017400,0.1672,0.8619,0.91,1.01
55.00,197,C,422,0.015400,0.1450,0.8868,0.78,0.88
60.00,197,C,13,0.013700,0.1274,0.9117,0.68,0.77
65.00,197,C,2,0.012300,0.1131,0.9324,0.59,0.68
70.00,197,C,469,0.011100,0.1012,0.9672,0.52,0.60
75.00,197,C,4,0.010100,0.0913,0.9825,0.47,0.54
80.00,197,C,19,0.009200,0.0828,1.0004,0.42,0.49
85.00,197,C,5,0.008500,0.0756,1.0118,0.38,0.45
90.00,197,C,7,0.007800,0.0694,1.0283,0.34,0.41
95.00,197,C,7,0.007300,0.0639,1.0417,0.31,0.38
100.00,197,C,82,0.006800,0.0592,1.0577,0.28,0.35
110.00,197,C,1,0.005900,0.0512,1.0920,0.24,0.30
120.00,197,C,26,0.005200,0.0450,1.1200,0.20,0.27
130.00,197,C,1,0.004600,0.0399,1.1493,0.18,0.24
140.00,197,C,1,0.004200,0.0357,1.1746,0.16,0.22
150.00,197,C,4,0.003800,0.0323,1.1999,0.14,0.20
160.00,197,C,1,0.003500,0.0294,1.2262,0.12,0.18
170.00,197,C,2,0.003200,0.0269,1.2465,0.11,0.17
180.00,197,C,1,0.002900,0.0248,1.2686,0.10,0.16
190.00,197,C,1,0.002700,0.0229,1.2889,0.09,0.15
200.00,197,C,278,0.002500,0.0213,1.3077,0.08,0.14
10.00,225,C,25,0.002200,0.9665,0.5870,11.85,12.35
10.00,225,P,13,0.002200,-0.0060,0.4122,0.00,0.02
12.00,225,P,10,0.007400,-0.0240,0.5785,0.00,0.04
13.00,225,C,22,0.011200,0.9336,0.4438,8.70,9.45
13.50,225,C,1,0.013400,0.9245,0.4383,8.20,8.95
14.00,225,C,30,0.015700,0.9143,0.4299,7.80,8.50
14.00,225,P,25,0.015700,-0.0583,0.3543,0.06,0.13
14.50,225,C,11,0.018300,0.9028,0.4194,7.45,7.95
14.50,225,P,15,0.018300,-0.0698,0.4753,0.10,0.18
15.00,225,C,200,0.021100,0.8896,0.4259,7.00,7.55
15.00,225,P,166,0.021100,-0.0830,0.3519,0.16,0.26
16.00,225,C,32,0.027100,0.8543,0.4386,6.35,6.80
16.00,225,P,24,0.027100,-0.1182,0.3556,0.36,0.49
17.00,225,C,55,0.032600,0.8071,0.4349,5.55,6.20
17.00,225,P,54,0.032600,-0.1655,0.4401,0.75,0.82
18.00,225,C,22,0.036500,0.7569,0.4855,5.05,5.65
18.00,225,P,7,0.036500,-0.2156,0.4127,1.06,1.22
19.00,225,C,8,0.038400,0.7062,0.4849,4.50,5.20
19.00,225,P,15,0.038400,-0.2664,0.4817,1.65,1.74
20.00,225,C,563,0.039000,0.6594,0.5333,4.30,4.75
20.00,225,P,28,0.039000,-0.3131,0.4839,2.20,2.37
21.00,225,C,3,0.038900,0.6176,0.5535,3.85,4.30
21.00,225,P,6,0.038900,-0.3550,0.5092,2.86,3.05
22.00,225,C,17,0.038400,0.5800,0.5697,3.60,3.95
22.00,225,P,11,0.038400,-0.3925,0.5612,3.40,3.70
23.00,225,C,27,0.037700,0.5461,0.5890,3.35,3.70
23.00,225,P,8,0.037700,-0.4265,0.5751,4.20,4.45
24.00,225,C,28,0.036800,0.5152,0.6063,3.15,3.45
24.00,225,P,2,0.036800,-0.4574,0.5981,4.85,5.20
25.00,225,C,54,0.035900,0.4870,0.6225,2.86,3.25
25.00,225,P,21,0.035900,-0.4855,0.6161,5.65,5.95
26.00,225,C,3,0.035000,0.4612,0.6367,2.67,3.05
26.00,225,P,6,0.035000,-0.5114,0.6299,6.40,6.75
27.00,225,C,25,0.034000,0.4375,0.6524,2.51,2.85
27.00,225,P,1,0.034000,-0.5351,0.6438,7.15,7.55
28.00,225,C,166,0.033000,0.4157,0.6673,2.36,2.69
29.00,225,C,164,0.032100,0.3955,0.6793,2.45,2.54
29.00,225,P,2,0.032100,-0.5770,0.6697,8.75,9.20
30.00,225,C,495,0.031100,0.3769,0.6895,2.10,2.41
30.00,225,P,102,0.031100,-0.5956,0.6825,9.60,10.05
31.00,225,C,52,0.030200,0.3597,0.6998,1.98,2.28
32.00,225,C,251,0.029200,0.3437,0.7095,1.88,2.17
33.00,225,C,14,0.028400,0.3289,0.7190,1.79,2.07
34.00,225,C,2,0.027500,0.3151,0.7284,1.70,1.97
35.00,225,C,291,0.026700,0.3022,0.7396,1.62,1.88
36.00,225,C,12,0.025900,0.2902,0.7459,1.55,1.80
37.00,225,C,2,0.025100,0.2789,0.7544,1.48,1.73
38.00,225,C,1,0.024400,0.2684,0.7625,1.42,1.66
39.00,225,C,2,0.023700,0.2586,0.7722,1.36,1.59
40.00,225,C,93,0.023000,0.2493,0.7577,1.30,1.53
40.00,225,P,3,0.023000,-0.7233,0.7705,18.45,18.90
42.50,225,C,7,0.021500,0.2283,0.7972,1.18,1.40
45.00,225,C,93,0.020100,0.2102,0.8111,1.10,1.29
45.00,225,P,100,0.020100,-0.7624,0.7812,23.05,24.20
50.00,225,C,50,0.017600,0.1803,0.7892,0.91,1.10
55.00,225,C,385,0.015700,0.1567,0.8640,0.80,0.95
60.00,225,C,5,0.014000,0.1377,0.8868,0.66,0.83
60.00,225,P,100,0.014000,-0.8349,0.8602,37.20,38.30
65.00,225,C,1,0.012600,0.1220,0.9067,0.58,0.73
70.00,225,C,612,0.011400,0.1090,0.9483,0.51,0.65
75.00,225,C,563,0.010400,0.0979,0.9664,0.44,0.58
75.00,225,P,100,0.010400,-0.8746,0.9065,51.55,52.10
80.00,225,C,16,0.009500,0.0885,0.9848,0.40,0.52
85.00,225,C,12,0.008700,0.0804,1.0046,0.35,0.47
90.00,225,P,100,0.008000,-0.8991,0.9638,66.00,66.55
100.00,225,C,34,0.006900,0.0619,1.0594,0.26,0.36
100.00,225,P,1,0.006900,-0.9106,0.9792,75.65,76.25
110.00,225,C,22,0.006000,0.0530,1.0898,0.22,0.31
120.00,225,C,60,0.005300,0.0459,1.1206,0.19,0.28
130.00,225,C,54,0.004700,0.0402,1.1469,0.16,0.25
180.00,225,C,1,0.002800,0.0235,1.2661,0.09,0.16
190.00,225,C,1,0.002600,0.0215,1.2842,0.08,0.15
200.00,225,C,167,0.002400,0.0198,1.3036,0.07,0.14
200.00,225,P,1,0.002400,-0.9528,1.0478,172.55,173.40
12.00,260,C,2,0.009900,0.9228,0.0000,9.65,10.50
13.50,260,P,5,0.014800,-0.0704,0.4586,0.00,0.22
15.00,260,C,11,0.020900,0.8611,0.3209,7.00,7.95
15.00,260,P,5,0.020900,-0.1070,0.3358,0.08,0.35
16.00,260,C,18,0.025300,0.8299,0.7134,6.75,7.20
16.00,260,P,1,0.025300,-0.1382,0.3360,0.35,0.59
17.00,260,C,12,0.029700,0.7938,0.4582,6.00,6.50
18.00,260,C,1,0.033700,0.7537,0.4261,5.10,6.00
19.00,260,C,1,0.037200,0.7109,0.1514,4.75,5.55
19.00,260,P,222,0.037200,-0.2572,0.4555,1.43,1.92
20.00,260,C,9,0.040000,0.6664,0.4232,4.40,5.00
20.00,260,P,8,0.040000,-0.3017,0.3268,1.94,2.54
21.00,260,C,5,0.042200,0.6215,0.5603,3.95,4.90
22.00,260,C,12,0.043600,0.5770,0.3422,3.70,4.65
22.00,260,P,6,0.043600,-0.3911,0.3113,3.65,4.05
23.00,260,P,4,0.044300,-0.4345,0.5400,4.20,4.75
24.00,260,C,6,0.044400,0.4920,0.4095,3.25,4.10
25.00,260,C,31,0.044000,0.4524,0.3781,3.15,3.65
28.00,260,C,1,0.040600,0.3490,0.5048,2.43,3.30
28.00,260,P,4,0.040600,-0.6191,0.5959,7.85,8.60
29.00,260,C,6,0.039000,0.3199,0.9587,2.27,3.15
30.00,260,C,16,0.037300,0.2934,0.4740,2.12,2.70
33.00,260,C,13,0.032000,0.2282,0.6040,1.75,2.62
35.00,260,C,1,0.028600,0.1950,1.1186,1.61,2.00
39.00,260,C,12,0.022900,0.1466,1.2029,1.30,2.01
40.00,260,C,12,0.021700,0.1374,1.2220,1.24,1.95
45.00,260,C,5,0.016800,0.1031,1.3077,0.98,1.40
50.00,260,C,15,0.013500,0.0816,0.7654,0.78,1.49
200.00,260,C,17,0.001300,0.0090,1.2495,0.02,0.27
10.00,1,P,8,0.005500,-0.0101,6.0739,0.00,0.01
10.50,1,P,19,0.006600,-0.0114,5.6175,0.00,0.01
11.00,1,C,1,0.007800,0.9872,0.0000,3.86,6.95
11.00,1,P,10,0.007800,-0.0127,5.1808,0.00,0.01
11.50,1,P,1,0.009300,-0.0143,4.7619,0.00,0.01
12.00,1,P,23,0.011200,-0.0162,4.3587,0.00,0.01
12.50,1,C,10,0.013500,0.9817,0.0000,2.36,5.45
12.50,1,P,8,0.013500,-0.0183,3.9693,0.00,0.01
13.00,1,C,2,0.016500,0.9792,0.0000,1.85,4.96
13.00,1,P,10,0.016500,-0.0208,3.5931,0.00,0.01
13.50,1,C,2,0.020400,0.9761,0.0000,1.33,4.79
13.50,1,P,2,0.020400,-0.0239,3.2281,0.00,0.02
14.00,1,C,12,0.025800,0.9721,0.0000,1.49,4.39
14.00,1,P,203,0.025800,-0.0279,2.8731,0.00,0.01
14.50,1,C,668,0.033200,0.9669,0.0000,1.70,2.15
14.50,1,P,311,0.033200,-0.0332,2.1662,0.00,0.01
15.00,1,C,1137,0.044200,0.9594,0.0000,1.26,1.60
15.00,1,P,1449,0.044200,-0.0406,2.0540,0.00,0.01
16.00,1,C,1233,0.088900,0.9294,0.0000,0.50,0.62
16.00,1,P,1842,0.088900,-0.0706,2.3437,0.09,0.12
17.00,1,C,6923,0.217400,0.8427,0.0000,0.16,0.20
17.00,1,P,15533,0.217400,-0.1573,5.1287,0.63,0.90
18.00,1,C,11262,0.485300,0.5321,0.2369,0.02,0.07
18.00,1,P,1303,0.485300,-0.4679,5.0997,1.40,1.77
19.00,1,C,2827,0.266300,0.1808,1.2391,0.01,0.04
19.00,1,P,7631,0.266300,-0.8192,5.9594,2.50,2.74
20.00,1,C,9649,0.116900,0.0825,1.3815,0.02,0.03
20.00,1,P,5524,0.116900,-0.9175,7.5603,3.50,3.80
21.00,1,C,5574,0.059000,0.0433,1.8900,0.00,0.04
21.00,1,P,448,0.059000,-0.9567,8.4246,3.69,4.98
22.00,1,C,3032,0.032500,0.0246,2.6582,0.00,0.01
22.00,1,P,141,0.032500,-0.9754,0.0000,4.77,6.18
23.00,1,C,4076,0.019100,0.0148,2.6621,0.00,0.02
23.00,1,P,107,0.019100,-0.9852,0.0000,5.59,7.68
24.00,1,C,1916,0.011800,0.0094,3.1783,0.00,0.04
24.00,1,P,63,0.011800,-0.9906,0.0000,6.59,8.67
25.00,1,C,14261,0.007600,0.0062,3.5524,0.00,0.01
25.00,1,P,161,0.007600,-0.9938,0.0000,7.39,9.67
26.00,1,C,4188,0.005100,0.0042,3.9055,0.00,0.02
26.00,1,P,29,0.005100,-0.9958,0.0000,7.39,11.60
27.00,1,C,2099,0.003500,0.0029,3.5848,0.00,0.01
27.00,1,P,12,0.003500,-0.9970,0.0000,8.42,12.55
28.00,1,C,1898,0.002500,0.0021,4.3897,0.00,0.04
28.00,1,P,46,0.002500,-0.9979,0.0000,9.75,13.51
29.00,1,C,1708,0.001800,0.0016,4.6846,0.00,0.04
29.00,1,P,364,0.001800,-0.9984,0.0000,10.76,14.48
30.00,1,C,1984,0.001300,0.0012,4.9665,0.00,0.01
30.00,1,P,25,0.001300,-0.9988,0.0000,11.77,15.45
31.00,1,C,1194,0.001000,0.0009,5.2365,0.00,0.04
31.00,1,P,2,0.001000,-0.9991,0.0000,12.77,16.42
32.00,1,C,1575,0.000800,0.0007,5.4956,0.00,0.04
33.00,1,C,1525,0.000600,0.0005,5.7447,0.00,0.02
34.00,1,C,3385,0.000500,0.0004,5.9845,0.00,0.04
35.00,1,C,2213,0.000400,0.0003,6.2158,0.00,0.01
36.00,1,C,1002,0.000300,0.0003,6.4391,0.00,0.04
37.00,1,C,1001,0.000200,0.0002,6.6550,0.00,0.04
38.00,1,C,16,0.000200,0.0002,6.1276,0.00,0.01
39.00,1,C,6,0.000200,0.0001,7.0662,0.00,0.04
40.00,1,C,12998,0.000100,0.0001,7.2623,0.00,0.04
40.00,1,P,1,0.000100,-0.9999,0.0000,21.82,25.26
42.50,1,C,324,0.000100,0.0001,7.7280,0.00,0.04
45.00,1,C,250,0.000100,0.0001,8.1621,0.00,0.04
47.50,1,C,51,0.000000,0.0000,0.0000,0.00,0.04
50.00,1,C,689,0.000000,0.0000,0.0000,0.00,0.04
50.00,1,P,52,0.000000,-1.0000,0.0000,31.84,34.94
55.00,1,C,2434,0.000000,0.0000,0.0000,0.00,0.04
60.00,1,C,1577,0.000000,0.0000,0.0000,0.00,0.04
65.00,1,C,170,0.000000,0.0000,0.0000,0.00,0.04
65.00,1,P,2,0.000000,-1.0000,0.0000,46.84,49.93
70.00,1,C,69,0.000000,0.0000,0.0000,0.00,0.04
75.00,1,C,56,0.000000,0.0000,0.0000,0.00,0.04
80.00,1,C,19,0.000000,0.0000,0.0000,0.00,0.04
85.00,1,C,16,0.000000,0.0000,0.0000,0.00,0.04
95.00,1,C,2,0.000000,0.0000,0.0000,0.00,0.04
100.00,1,C,113,0.000000,0.0000,0.0000,0.00,0.04
100.00,1,P,51,0.000000,-1.0000,0.0000,81.84,84.93
10.00,8,C,10,0.003000,0.9947,0.0000,6.05,7.89
10.00,8,P,46,0.003000,-0.0044,1.5915,0.00,0.01
10.50,8,P,2,0.003600,-0.0049,1.4698,0.00,0.01
11.00,8,C,12,0.004300,0.9935,0.0000,5.05,6.90
11.00,8,P,394,0.004300,-0.0055,1.4692,0.00,0.02
11.50,8,P,1,0.005200,-0.0062,1.3494,0.00,0.02
12.00,8,C,2,0.006300,0.9920,0.0000,4.05,5.90
12.00,8,P,2,0.006300,-0.0070,1.3036,0.00,0.03
13.00,8,C,5,0.009400,0.9900,0.0000,3.30,4.91
13.00,8,P,13,0.009400,-0.0091,1.1221,0.00,0.03
13.50,8,C,2,0.011900,0.9886,0.0000,2.55,4.42
13.50,8,P,6,0.011900,-0.0105,1.0462,0.00,0.03
14.00,8,C,9,0.015500,0.9864,0.0000,3.00,3.35
14.00,8,P,117,0.015500,-0.0126,0.7397,0.00,0.01
14.50,8,C,25,0.023500,0.9803,0.0000,2.41,2.82
14.50,8,P,37,0.023500,-0.0188,0.8225,0.00,0.05
15.00,8,C,411,0.049700,0.9475,0.0000,2.00,2.35
15.00,8,P,192,0.049700,-0.0515,0.9527,0.05,0.08
16.00,8,C,926,0.103500,0.8314,0.0000,1.20,1.40
16.00,8,P,4070,0.103500,-0.1676,0.9775,0.23,0.29
17.00,8,C,1790,0.144800,0.6956,0.0000,0.84,0.90
17.00,8,P,6624,0.144800,-0.3034,1.2705,0.74,0.91
18.00,8,C,2203,0.163600,0.5344,0.6917,0.60,0.72
18.00,8,P,213,0.163600,-0.4647,1.6856,1.32,1.68
19.00,8,C,1572,0.158000,0.3744,0.7756,0.35,0.49
19.00,8,P,225,0.158000,-0.6247,1.9902,2.16,2.54
20.00,8,C,2645,0.125900,0.2571,0.9492,0.30,0.39
20.00,8,P,263,0.125900,-0.7419,1.8734,3.05,3.45
21.00,8,C,2576,0.095000,0.1902,1.2722,0.22,0.36
21.00,8,P,132,0.095000,-0.8089,2.0685,4.00,4.40
22.00,8,C,906,0.073300,0.1494,1.3543,0.18,0.31
22.00,8,P,163,0.073300,-0.8496,2.2486,4.95,5.35
23.00,8,C,416,0.058300,0.1225,1.3845,0.15,0.26
23.00,8,P,130,0.058300,-0.8765,2.4232,5.90,6.30
24.00,8,C,356,0.047700,0.1034,1.4890,0.12,0.23
24.00,8,P,57,0.047700,-0.8956,2.5821,6.85,7.30
25.00,8,C,2702,0.039900,0.0892,1.5938,0.14,0.16
25.00,8,P,77,0.039900,-0.9099,2.7407,7.85,8.25
26.00,8,C,1276,0.034000,0.0782,1.7644,0.12,0.14
26.00,8,P,90,0.034000,-0.9209,2.8853,8.80,9.25
27.00,8,C,186,0.029400,0.0694,1.7420,0.07,0.15
27.00,8,P,20,0.029400,-0.9296,3.0359,9.80,10.20
28.00,8,C,296,0.025700,0.0624,1.8290,0.09,0.14
28.00,8,P,25,0.025700,-0.9367,3.1577,10.75,11.20
29.00,8,C,107,0.022800,0.0565,1.9065,0.08,0.12
29.00,8,P,10,0.022800,-0.9425,3.2826,11.75,12.20
30.00,8,C,1009,0.020400,0.0516,2.0598,0.07,0.11
30.00,8,P,1,0.020400,-0.9474,3.3995,12.75,13.20
31.00,8,C,102,0.018400,0.0475,2.0342,0.00,0.13
32.00,8,C,125,0.016700,0.0439,2.1059,0.00,0.12
33.00,8,C,29,0.015200,0.0408,2.1720,0.00,0.11
34.00,8,C,17,0.014000,0.0381,2.2081,0.00,0.10
35.00,8,C,543,0.012900,0.0357,2.2880,0.04,0.10
36.00,8,C,117,0.011900,0.0336,2.3382,0.02,0.09
37.00,8,C,10,0.011100,0.0317,2.3831,0.02,0.09
38.00,8,C,14,0.010400,0.0300,2.4230,0.02,0.08
39.00,8,C,5,0.009700,0.0285,2.4574,0.02,0.08
40.00,8,C,893,0.009100,0.0271,2.5226,0.01,0.08
40.00,8,P,4,0.009100,-0.9720,4.3728,21.90,23.74
42.50,8,C,191,0.007900,0.0241,2.6392,0.00,0.07
45.00,8,C,992,0.007000,0.0217,2.7393,0.00,0.07
45.00,8,P,2,0.007000,-0.9773,5.1202,27.06,28.94
47.50,8,C,37,0.006200,0.0197,2.8236,0.00,0.07
50.00,8,C,2802,0.005500,0.0181,2.8919,0.00,0.06
50.00,8,P,250,0.005500,-0.9810,5.1065,31.87,33.72
55.00,8,C,1743,0.004600,0.0154,3.0496,0.00,0.06
60.00,8,C,356,0.003900,0.0134,3.2459,0.00,0.06
60.00,8,P,5,0.003900,-0.9856,5.6771,41.86,43.71
65.00,8,C,336,0.003300,0.0119,3.3440,0.00,0.06
70.00,8,C,164,0.002900,0.0107,3.5046,0.00,0.06
70.00,8,P,18,0.002900,-0.9884,6.1474,51.85,53.70
75.00,8,C,42,0.002600,0.0096,3.6526,0.00,0.06
80.00,8,C,10,0.002300,0.0088,3.7898,0.00,0.06
85.00,8,C,10,0.002100,0.0081,3.8098,0.00,0.03
95.00,8,C,4,0.001800,0.0070,4.0374,0.00,0.03
100.00,8,C,42,0.001600,0.0065,4.1415,0.00,0.03
100.00,8,P,251,0.001600,-0.9926,7.5738,82.03,83.87
10.00,22,P,1,0.001300,-0.0037,1.4295,0.00,0.02
10.50,22,P,2,0.001400,-0.0039,1.3546,0.00,0.02
12.00,22,P,15,0.002900,-0.0078,1.2512,0.00,0.03
13.00,22,P,170,0.003600,-0.0088,1.1183,0.00,0.03
13.50,22,C,3,0.004500,0.9864,0.0000,4.12,6.02
14.00,22,C,18,0.005500,0.9841,0.0000,4.40,4.90
14.00,22,P,63,0.005500,-0.0133,1.0531,0.02,0.05
14.50,22,P,10,0.008700,-0.0245,1.0556,0.02,0.04
15.00,22,C,276,0.012200,0.9580,0.0000,3.45,3.90
15.00,22,P,134,0.012200,-0.0394,1.0710,0.04,0.10
16.00,22,C,366,0.018900,0.9192,0.0000,2.68,3.05
16.00,22,P,113,0.018900,-0.0782,1.2654,0.18,0.28
17.00,22,C,113,0.024300,0.8735,0.0000,2.00,2.39
17.00,22,P,447,0.024300,-0.1239,1.4350,0.52,0.66
18.00,22,C,228,0.028900,0.8371,0.0000,1.57,1.90
18.00,22,P,109,0.028900,-0.1603,1.6810,0.96,1.22
19.00,22,C,114,0.033300,0.7969,0.0000,1.26,1.56
19.00,22,P,171,0.032200,-0.2075,1.8815,1.61,1.92
20.00,22,C,599,0.037200,0.7537,0.0000,1.04,1.31
20.00,22,P,112,0.032300,-0.2590,2.0886,2.36,2.70
21.00,22,C,328,0.040500,0.7083,0.0000,0.88,1.12
21.00,22,P,32,0.031600,-0.3007,2.2738,3.15,3.55
22.00,22,C,488,0.043200,0.6616,0.0000,0.80,0.98
22.00,22,P,30,0.030700,-0.3351,2.4390,4.00,4.40
23.00,22,C,243,0.192300,0.7289,0.0000,0.67,0.86
23.00,22,P,11,0.029600,-0.3640,2.5915,4.90,5.30
24.00,22,C,186,0.139000,0.5191,0.2871,0.59,0.77
24.00,22,P,15,0.028600,-0.3886,2.7342,5.80,6.25
25.00,22,C,1599,0.107600,0.4196,0.4255,0.54,0.70
25.00,22,P,2,0.027600,-0.4097,2.8544,6.75,7.15
26.00,22,C,162,0.087700,0.3554,0.5361,0.49,0.64
26.00,22,P,144,0.026600,-0.4278,2.9908,7.70,8.10
27.00,22,C,97,0.073900,0.3085,0.6249,0.45,0.59
27.00,22,P,100,0.026600,-0.4502,3.0149,8.65,9.05
28.00,22,C,123,0.063500,0.2737,0.7038,0.42,0.48
29.00,22,C,108,0.055500,0.2464,0.7773,0.39,0.43
29.00,22,P,5,0.024000,-0.4696,3.3219,10.55,11.00
30.00,22,C,322,0.049200,0.2249,0.8486,0.36,0.48
30.00,22,P,1,0.023300,-0.4806,3.4202,11.55,11.95
31.00,22,C,76,0.044100,0.2062,0.9093,0.33,0.45
32.00,22,C,30,0.039900,0.1895,0.9634,0.31,0.42
33.00,22,C,49,0.036400,0.1762,1.0200,0.29,0.40
34.00,22,C,20,0.033200,0.1588,1.0675,0.27,0.38
35.00,22,C,817,0.030600,0.1494,1.1198,0.25,0.35
36.00,22,C,4,0.028400,0.1409,1.1638,0.23,0.33
37.00,22,C,3,0.026400,0.1330,1.2041,0.22,0.32
38.00,22,C,13,0.024600,0.1256,1.2410,0.20,0.30
39.00,22,C,7,0.022800,0.1137,1.2747,0.19,0.28
40.00,22,C,185,0.020800,0.1004,1.3113,0.20,0.27
45.00,22,C,5,0.012800,0.0531,1.4509,0.14,0.21
47.50,22,C,20,0.009800,0.0384,1.5116,0.11,0.18
50.00,22,C,133,0.007500,0.0276,1.5800,0.09,0.16
50.00,22,P,181,0.016000,-0.5831,4.6949,31.20,31.65
55.00,22,C,74,0.004300,0.0143,1.6841,0.06,0.13
60.00,22,C,159,0.002400,0.0073,1.7843,0.04,0.11
65.00,22,C,49,0.001300,0.0038,1.8640,0.03,0.09
70.00,22,C,227,0.000700,0.0020,1.9413,0.02,0.07
75.00,22,C,144,0.000400,0.0010,2.0043,0.00,0.06
80.00,22,C,385,0.000200,0.0005,2.0533,0.00,0.05
85.00,22,C,192,0.000100,0.0003,2.1132,0.00,0.05
90.00,22,C,96,0.000100,0.0001,2.1646,0.00,0.04
95.00,22,C,35,0.000000,0.0001,2.2079,0.00,0.04
100.00,22,C,425,0.000000,0.0000,2.2752,0.00,0.04
100.00,22,P,180,0.011300,-0.6404,6.1476,80.45,82.27
13.00,29,P,1,0.006600,-0.0220,1.0930,0.00,0.04
14.00,29,C,1,0.010100,0.9598,0.0000,4.55,5.00
14.00,29,P,10,0.010100,-0.0368,1.0493,0.01,0.06
14.50,29,C,2,0.012200,0.9504,0.0000,4.05,4.55
14.50,29,P,2,0.012200,-0.0461,1.0469,0.04,0.09
15.00,29,C,163,0.014400,0.9396,0.0000,3.69,4.00
15.00,29,P,16,0.014400,-0.0569,1.0755,0.08,0.15
16.00,29,C,90,0.019200,0.9138,0.0000,2.88,3.25
16.00,29,P,29,0.019200,-0.0828,1.2304,0.27,0.38
17.00,29,C,125,0.024300,0.8823,0.0000,2.27,2.60
17.00,29,P,32,0.024300,-0.1142,1.3332,0.61,0.81
18.00,29,C,56,0.029400,0.8456,0.0000,1.83,2.18
18.00,29,P,20,0.029400,-0.1510,1.4930,1.12,1.39
19.00,29,C,37,0.034400,0.8043,0.0000,1.52,1.84
20.00,29,C,167,0.038800,0.7594,0.0000,1.29,1.45
20.00,29,P,20,0.036500,-0.2460,1.7967,2.52,2.85
21.00,29,C,36,0.042600,0.7119,0.0000,1.11,1.38
21.00,29,P,20,0.035800,-0.2963,1.9441,3.30,3.70
22.00,29,C,69,0.045700,0.6627,0.0000,0.97,1.21
23.00,29,C,32,0.115300,0.6445,0.0000,0.86,1.08
24.00,29,C,71,0.096600,0.5301,0.3134,0.78,0.98
25.00,29,C,56,0.082700,0.4550,0.4370,0.71,0.89
26.00,29,C,27,0.071900,0.4002,0.5345,0.65,0.82
27.00,29,C,27,0.063500,0.3578,0.6174,0.60,0.76
28.00,29,C,38,0.057100,0.3210,0.6847,0.56,0.71
29.00,29,C,47,0.051100,0.2958,0.7539,0.52,0.67
30.00,29,C,68,0.046400,0.2729,0.8153,0.49,0.63
31.00,29,C,15,0.042600,0.2525,0.8701,0.46,0.59
32.00,29,C,2,0.039200,0.2367,0.9221,0.43,0.56
33.00,29,C,2,0.036400,0.2129,0.9691,0.41,0.53
34.00,29,C,20,0.033800,0.1878,1.0150,0.38,0.50
37.00,29,C,9,0.026000,0.1269,1.1687,0.32,0.43
39.00,29,C,2,0.021500,0.0968,1.2455,0.28,0.39
40.00,29,C,1,0.019400,0.0844,1.2825,0.27,0.37
45.00,29,C,1,0.011100,0.0416,1.4348,0.20,0.30
50.00,29,C,58,0.006100,0.0201,1.5634,0.16,0.24
50.00,29,P,1470,0.016700,-0.6150,3.9737,31.15,31.55
60.00,29,C,17,0.001700,0.0046,1.7652,0.10,0.14
65.00,29,C,7,0.000800,0.0022,1.7873,0.07,0.12
70.00,29,C,1,0.000400,0.0010,1.8614,0.06,0.12
75.00,29,C,1,0.000200,0.0005,1.9238,0.04,0.11
80.00,29,C,2,0.000100,0.0002,1.9751,0.03,0.09
85.00,29,C,1,0.000100,0.0001,2.0284,0.02,0.08
95.00,29,C,2,0.000000,0.0000,2.1122,0.01,0.06
100.00,29,C,10,0.000000,0.0000,2.1591,0.00,0.06
100.00,29,P,1470,0.011500,-0.6788,5.2099,79.71,82.35
