# spot,16.4500,ts,2026-06-30 23:06:47
strike,dte,cp,oi,gamma,delta,iv,bid,ask
10.00,22,C,4006,0.003200,0.9926,0.0000,7.75,8.05
10.00,22,P,85,0.003200,-0.0048,1.0294,0.00,0.02
10.50,22,C,5,0.003800,0.9920,0.0000,7.30,7.60
10.50,22,P,26,0.003800,-0.0054,0.9516,0.00,0.02
11.00,22,C,72,0.004600,0.9913,0.0000,6.80,7.10
11.00,22,P,11,0.004600,-0.0061,0.8773,0.00,0.02
11.50,22,C,3,0.005600,0.9904,0.0000,6.30,6.60
11.50,22,P,9,0.005600,-0.0070,0.8059,0.00,0.02
12.00,22,C,2173,0.007000,0.9892,0.0000,5.80,6.10
12.00,22,P,2245,0.007000,-0.0082,0.6777,0.00,0.01
12.50,22,C,18,0.008900,0.9874,0.0000,5.30,5.60
12.50,22,P,231,0.008900,-0.0100,0.8788,0.00,0.02
13.00,22,C,1153,0.011900,0.9846,0.0000,4.80,5.10
13.00,22,P,3711,0.011900,-0.0128,0.7994,0.00,0.03
13.50,22,C,61,0.016500,0.9801,0.6699,4.30,4.60
13.50,22,P,1729,0.016500,-0.0173,0.7350,0.00,0.03
14.00,22,C,5479,0.023800,0.9726,0.5949,3.95,4.05
14.00,22,P,10465,0.023800,-0.0248,0.6701,0.00,0.01
14.50,22,C,132,0.037100,0.9560,0.5221,3.45,3.55
14.50,22,P,3102,0.037100,-0.0414,0.5621,0.02,0.05
15.00,22,C,5761,0.057700,0.9217,0.6571,3.00,3.10
15.00,22,P,63501,0.057700,-0.0757,0.5932,0.06,0.09
15.50,22,C,536,0.079900,0.8715,0.4583,2.60,2.66
15.50,22,P,41007,0.079900,-0.1259,0.5622,0.14,0.18
16.00,22,C,1707,0.099300,0.8119,0.6172,2.23,2.29
16.00,22,P,175699,0.099300,-0.1855,0.6167,0.27,0.31
16.50,22,C,704,0.113100,0.7435,0.5600,1.92,1.98
16.50,22,P,57278,0.113100,-0.2538,0.6897,0.46,0.50
17.00,22,C,4376,0.120200,0.6732,0.6327,1.66,1.72
17.00,22,P,118128,0.120200,-0.3242,0.6816,0.69,0.73
17.50,22,C,2771,0.121900,0.6061,0.6883,1.44,1.50
17.50,22,P,31992,0.121900,-0.3913,0.7229,0.97,1.02
18.00,22,C,9757,0.119800,0.5444,0.7394,1.26,1.32
18.00,22,P,101562,0.119800,-0.4530,0.7823,1.29,1.34
18.50,22,C,17964,0.115300,0.4888,0.7742,1.12,1.17
18.50,22,P,34936,0.115300,-0.5086,0.7720,1.64,1.69
19.00,22,C,35542,0.109400,0.4394,0.7729,1.00,1.05
19.00,22,P,109771,0.109400,-0.5580,0.8061,2.02,2.08
19.50,22,C,17494,0.102900,0.3958,0.8601,0.89,0.95
19.50,22,P,29929,0.102900,-0.6016,0.8564,2.41,2.47
20.00,22,C,126705,0.096100,0.3575,0.8627,0.81,0.86
20.00,22,P,107372,0.096100,-0.6398,0.8962,2.83,2.89
20.50,22,C,51991,0.089400,0.3241,0.9323,0.73,0.79
20.50,22,P,55523,0.089400,-0.6733,0.9425,3.25,3.35
21.00,22,C,73912,0.083000,0.2950,0.9668,0.67,0.72
21.00,22,P,60059,0.083000,-0.7024,0.9880,3.65,3.75
21.50,22,C,25472,0.077000,0.2695,0.9427,0.61,0.67
21.50,22,P,21030,0.077000,-0.7278,0.9936,4.10,4.20
22.00,22,C,114289,0.071500,0.2474,1.0365,0.57,0.62
22.00,22,P,55057,0.071500,-0.7500,1.0437,4.55,4.65
22.50,22,C,34618,0.066400,0.2280,1.0703,0.53,0.58
22.50,22,P,178,0.066400,-0.7693,1.0714,5.00,5.10
23.00,22,C,77246,0.061800,0.2111,1.0248,0.49,0.54
23.00,22,P,19884,0.061800,-0.7863,1.1688,5.50,5.60
23.50,22,C,37188,0.057500,0.1962,1.1283,0.46,0.51
23.50,22,P,140,0.057500,-0.8012,1.1316,5.95,6.05
24.00,22,C,105995,0.053700,0.1831,1.0845,0.45,0.47
24.00,22,P,16950,0.053700,-0.8143,1.2261,6.40,6.50
24.50,22,C,13115,0.050300,0.1714,1.1251,0.41,0.45
24.50,22,P,36,0.050300,-0.8260,1.2390,6.90,7.00
25.00,22,C,261029,0.047100,0.1610,1.2139,0.38,0.43
25.00,22,P,38070,0.047100,-0.8363,1.2899,7.35,7.45
26.00,22,C,30849,0.041700,0.1434,1.2684,0.34,0.39
26.00,22,P,1714,0.041700,-0.8540,1.3430,8.30,8.40
27.00,22,C,60191,0.037200,0.1290,1.2706,0.31,0.36
27.00,22,P,1414,0.037200,-0.8684,1.4098,9.30,9.40
28.00,22,C,105608,0.033500,0.1170,1.3597,0.28,0.33
28.00,22,P,1224,0.033500,-0.8804,1.3383,10.25,10.35
29.00,22,C,19483,0.030300,0.1069,1.3165,0.26,0.30
29.00,22,P,1821,0.030300,-0.8905,1.4982,11.20,11.35
30.00,22,C,151025,0.027600,0.0983,1.3975,0.24,0.27
30.00,22,P,697,0.027600,-0.8991,1.5456,12.20,12.30
31.00,22,C,45137,0.025300,0.0908,1.4336,0.22,0.26
31.00,22,P,550,0.025300,-0.9066,1.5877,13.20,13.30
32.00,22,C,27405,0.023300,0.0843,1.4147,0.20,0.24
32.00,22,P,124,0.023300,-0.9131,1.5257,14.15,14.25
33.00,22,C,18980,0.021500,0.0786,1.5136,0.19,0.23
33.00,22,P,810,0.021500,-0.9188,1.6892,15.15,15.25
34.00,22,C,22613,0.020000,0.0736,1.6011,0.17,0.21
34.00,22,P,16,0.020000,-0.9238,1.3715,16.10,16.20
35.00,22,C,195282,0.018600,0.0691,1.6302,0.16,0.20
35.00,22,P,48,0.018600,-0.9283,1.4863,17.10,17.20
36.00,22,C,8191,0.017400,0.0651,1.6186,0.15,0.19
36.00,22,P,69,0.017400,-0.9323,1.5406,18.10,18.20
37.00,22,C,28955,0.016300,0.0615,1.6268,0.15,0.18
37.00,22,P,13,0.016300,-0.9359,1.5337,19.10,19.20
38.00,22,C,31376,0.015300,0.0582,1.7328,0.13,0.17
38.00,22,P,26,0.015300,-0.9392,1.4293,20.05,20.15
39.00,22,C,27760,0.014400,0.0553,1.6950,0.12,0.16
39.00,22,P,2,0.014400,-0.9421,1.7966,21.05,21.15
40.00,22,C,69641,0.013600,0.0526,1.7815,0.11,0.15
40.00,22,P,222,0.013600,-0.9448,1.9330,22.05,22.15
42.50,22,C,54530,0.012000,0.0468,1.7889,0.09,0.13
42.50,22,P,6,0.012000,-0.9505,2.0084,24.50,24.60
45.00,22,C,188411,0.010600,0.0422,1.8386,0.08,0.12
45.00,22,P,342,0.010600,-0.9552,2.0727,27.00,27.10
47.50,22,C,23569,0.009500,0.0383,1.8579,0.07,0.11
47.50,22,P,3,0.009500,-0.9591,1.9445,29.45,29.60
50.00,22,C,45732,0.008600,0.0351,1.9358,0.08,0.10
50.00,22,P,46,0.008600,-0.9623,2.2247,31.95,32.05
55.00,22,C,48954,0.007200,0.0300,2.0168,0.06,0.08
55.00,22,P,1,0.007200,-0.9674,2.3534,36.90,37.05
60.00,22,C,109379,0.006100,0.0261,2.2255,0.05,0.06
60.00,22,P,12,0.006100,-0.9712,2.3989,41.90,42.00
65.00,22,C,269966,0.005300,0.0232,2.2792,0.04,0.05
70.00,22,C,80243,0.004700,0.0208,2.4681,0.02,0.06
70.00,22,P,55,0.004700,-0.9766,2.6354,51.75,52.20
75.00,22,C,80699,0.004200,0.0189,2.4801,0.01,0.06
80.00,22,C,22858,0.003800,0.0173,2.4896,0.00,0.05
80.00,22,P,16,0.003800,-0.9800,2.7575,61.70,62.15
85.00,22,C,24631,0.003500,0.0160,2.5996,0.02,0.06
90.00,22,C,3790,0.003200,0.0149,2.7037,0.00,0.04
95.00,22,C,18397,0.002900,0.0139,2.5241,0.00,0.04
100.00,22,C,59077,0.002700,0.0130,2.8158,0.00,0.04
100.00,22,P,332,0.002700,-0.9844,2.9853,81.60,82.10
110.00,22,C,7575,0.002400,0.0116,2.9404,0.00,0.04
110.00,22,P,2,0.002400,-0.9858,3.1195,91.60,92.05
120.00,22,C,9139,0.002100,0.0105,3.0210,0.00,0.04
120.00,22,P,1,0.002100,-0.9869,3.2412,101.55,102.00
130.00,22,C,12693,0.001900,0.0096,3.1226,0.00,0.02
140.00,22,C,484,0.001800,0.0089,3.2159,0.00,0.02
150.00,22,C,1170,0.001600,0.0082,3.2659,0.00,0.02
150.00,22,P,216,0.001600,-0.9891,0.0000,131.40,131.90
160.00,22,C,1159,0.001500,0.0077,3.3453,0.00,0.02
170.00,22,C,1311,0.001400,0.0072,3.3790,0.00,0.02
180.00,22,C,2502,0.001300,0.0068,3.4889,0.00,0.02
180.00,22,P,1,0.001300,-0.9905,3.5214,161.40,161.85
190.00,22,C,3908,0.001200,0.0065,3.5542,0.00,0.02
200.00,22,C,3302,0.001200,0.0062,3.6158,0.00,0.02
200.00,22,P,36,0.001200,-0.9912,3.6669,181.25,181.80
10.00,50,C,269,0.002800,0.9891,0.0000,8.75,9.00
10.00,50,P,617,0.002800,-0.0049,0.7296,0.00,0.02
10.50,50,C,19,0.003800,0.9875,0.5413,8.25,8.50
10.50,50,P,2,0.003800,-0.0065,0.6786,0.00,0.02
11.00,50,C,67,0.005100,0.9852,0.0000,7.75,8.00
11.00,50,P,83,0.005100,-0.0088,0.6299,0.00,0.02
11.50,50,C,10,0.006900,0.9820,0.0000,7.25,7.50
11.50,50,P,209,0.006900,-0.0120,0.7634,0.00,0.02
12.00,50,C,171,0.009400,0.9776,0.0000,6.75,7.00
12.00,50,P,1248,0.009400,-0.0164,0.7180,0.00,0.03
12.50,50,C,47,0.012600,0.9715,0.0000,6.30,6.50
12.50,50,P,160,0.012600,-0.0225,0.6633,0.00,0.03
13.00,50,C,1973,0.016800,0.9634,0.0000,5.90,6.00
13.00,50,P,2133,0.016800,-0.0307,0.6010,0.00,0.04
13.50,50,C,1088,0.022100,0.9526,0.4024,5.40,5.55
13.50,50,P,1101,0.022100,-0.0415,0.5675,0.01,0.05
14.00,50,C,900,0.028500,0.9386,0.4416,4.95,5.05
14.00,50,P,2475,0.028500,-0.0554,0.5247,0.04,0.08
14.50,50,C,642,0.036300,0.9206,0.4780,4.50,4.60
14.50,50,P,7361,0.036300,-0.0735,0.5505,0.10,0.13
15.00,50,C,1182,0.045700,0.8940,0.5051,4.10,4.20
15.00,50,P,9495,0.045700,-0.1000,0.5236,0.18,0.22
15.50,50,C,1,0.055400,0.8553,0.5593,3.75,3.80
15.50,50,P,9799,0.055400,-0.1387,0.5873,0.31,0.34
16.00,50,C,1386,0.063300,0.8094,0.5832,3.40,3.50
16.00,50,P,90666,0.063300,-0.1846,0.6057,0.48,0.51
16.50,50,C,26,0.068700,0.7621,0.5636,3.10,3.20
16.50,50,P,2278,0.068700,-0.2319,0.6397,0.68,0.72
17.00,50,C,3771,0.072000,0.7157,0.6652,2.88,2.92
17.00,50,P,80966,0.072000,-0.2783,0.6791,0.92,0.97
17.50,50,C,42,0.073400,0.6714,0.6602,2.65,2.70
17.50,50,P,7678,0.073400,-0.3226,0.7084,1.19,1.24
18.00,50,C,5912,0.073500,0.6300,0.7138,2.45,2.50
18.00,50,P,125644,0.073500,-0.3641,0.7381,1.49,1.54
18.50,50,C,48,0.072700,0.5917,0.7410,2.28,2.32
18.50,50,P,592,0.072700,-0.4023,0.7527,1.81,1.86
19.00,50,C,4529,0.071300,0.5566,0.7708,2.12,2.16
19.00,50,P,32185,0.071300,-0.4374,0.7943,2.15,2.20
19.50,50,C,4916,0.069500,0.5244,0.7968,1.98,2.02
19.50,50,P,14001,0.069500,-0.4697,0.8230,2.51,2.56
20.00,50,C,51517,0.067500,0.4948,0.7932,1.85,1.90
20.00,50,P,106528,0.067500,-0.4992,0.8150,2.88,2.94
20.50,50,C,1472,0.065400,0.4677,0.8486,1.74,1.79
20.50,50,P,1557,0.065400,-0.5263,0.8770,3.25,3.35
21.00,50,C,84047,0.063200,0.4429,0.8724,1.65,1.69
21.00,50,P,85330,0.063200,-0.5512,0.9200,3.65,3.75
21.50,50,C,693,0.061000,0.4201,0.8972,1.56,1.60
21.50,50,P,23,0.061000,-0.5739,0.9227,4.05,4.15
22.00,50,C,73994,0.058900,0.3992,0.9015,1.47,1.52
22.00,50,P,55571,0.058900,-0.5948,0.9024,4.45,4.55
22.50,50,C,688,0.056700,0.3800,0.9244,1.40,1.45
22.50,50,P,10,0.056700,-0.6140,1.0089,4.90,5.00
23.00,50,C,76054,0.054700,0.3623,0.9633,1.34,1.38
23.00,50,P,23995,0.054700,-0.6316,0.9723,5.30,5.40
23.50,50,C,8777,0.052700,0.3461,0.9844,1.28,1.32
23.50,50,P,22,0.052700,-0.6480,1.0082,5.75,5.85
24.00,50,C,148880,0.050800,0.3311,1.0048,1.22,1.26
24.00,50,P,15892,0.050800,-0.6629,1.0615,6.20,6.30
24.50,50,C,39,0.048900,0.3173,1.0250,1.17,1.21
24.50,50,P,1,0.048900,-0.6767,1.0936,6.65,6.75
25.00,50,C,101240,0.047200,0.3045,1.0917,1.14,1.17
25.00,50,P,13778,0.047200,-0.6895,1.1040,7.10,7.20
26.00,50,C,54128,0.044000,0.2817,1.0814,1.04,1.08
26.00,50,P,1359,0.044000,-0.7123,1.0542,8.00,8.10
27.00,50,C,30621,0.041100,0.2619,1.0976,0.97,1.01
27.00,50,P,167,0.041100,-0.7321,1.1450,8.90,9.05
28.00,50,C,82577,0.038400,0.2446,1.1502,0.91,0.95
28.00,50,P,793,0.038400,-0.7494,1.1076,9.85,9.95
29.00,50,C,14250,0.036100,0.2294,1.1606,0.86,0.90
29.00,50,P,406,0.036100,-0.7646,1.1434,10.80,10.90
30.00,50,C,146922,0.034000,0.2158,1.2146,0.81,0.85
30.00,50,P,178,0.034000,-0.7782,1.2368,11.75,11.85
31.00,50,C,8676,0.032100,0.2036,1.2407,0.77,0.81
31.00,50,P,407,0.032100,-0.7904,1.2666,12.70,12.80
32.00,50,C,11628,0.030400,0.1927,1.2708,0.73,0.77
32.00,50,P,815,0.030400,-0.8014,1.3057,13.65,13.75
33.00,50,C,8977,0.028800,0.1827,1.2730,0.69,0.73
33.00,50,P,20,0.028800,-0.8113,1.3291,14.60,14.70
34.00,50,C,5148,0.027400,0.1736,1.3219,0.66,0.70
34.00,50,P,7,0.027400,-0.8204,1.3493,15.55,15.70
35.00,50,C,303474,0.026000,0.1652,1.3433,0.63,0.67
35.00,50,P,621,0.026000,-0.8288,1.3806,16.55,16.65
36.00,50,C,5799,0.024800,0.1575,1.3680,0.60,0.64
36.00,50,P,7,0.024800,-0.8365,1.4098,17.50,17.60
37.00,50,C,20153,0.023700,0.1504,1.3656,0.58,0.61
38.00,50,C,593,0.022700,0.1438,1.4112,0.55,0.59
39.00,50,C,6998,0.021700,0.1377,1.4298,0.53,0.56
40.00,50,C,58320,0.020800,0.1320,1.4499,0.51,0.53
40.00,50,P,41,0.020800,-0.8620,1.4433,21.35,21.50
42.50,50,C,15990,0.018800,0.1193,1.4968,0.46,0.49
45.00,50,C,123668,0.017100,0.1083,1.5071,0.41,0.45
45.00,50,P,210,0.017100,-0.8857,1.5798,26.25,26.35
47.50,50,C,87146,0.015700,0.0990,1.5561,0.37,0.41
50.00,50,C,157642,0.014400,0.0908,1.6040,0.35,0.38
50.00,50,P,2,0.014400,-0.9032,1.6547,31.15,31.25
55.00,50,C,139933,0.012300,0.0774,1.6624,0.28,0.32
60.00,50,C,63265,0.010700,0.0668,1.7117,0.24,0.28
60.00,50,P,17,0.010700,-0.9272,1.7845,41.00,41.10
65.00,50,C,295398,0.009400,0.0583,1.7374,0.23,0.24
65.00,50,P,50,0.009400,-0.9357,1.8257,45.90,46.00
70.00,50,C,38855,0.008300,0.0514,1.7661,0.18,0.22
70.00,50,P,2,0.008300,-0.9426,1.8822,50.85,50.95
75.00,50,C,55806,0.007400,0.0456,1.7802,0.16,0.20
80.00,50,C,51937,0.006600,0.0408,1.7879,0.14,0.18
80.00,50,P,66,0.006600,-0.9532,1.8154,60.75,60.85
85.00,50,C,90909,0.006000,0.0366,1.8249,0.13,0.16
90.00,50,C,37323,0.005400,0.0331,1.9299,0.12,0.15
90.00,50,P,1,0.005400,-0.9609,2.0308,70.65,70.80
95.00,50,C,48169,0.004900,0.0301,1.9507,0.10,0.14
100.00,50,C,28096,0.004500,0.0274,1.9533,0.09,0.13
100.00,50,P,73,0.004500,-0.9666,1.8197,80.60,80.70
110.00,50,C,894,0.003800,0.0231,2.0274,0.08,0.11
110.00,50,P,3,0.003800,-0.9710,2.1252,90.50,90.60
120.00,50,C,8551,0.003300,0.0197,2.0919,0.06,0.09
120.00,50,P,1,0.003300,-0.9744,2.1729,100.40,100.55
130.00,50,C,3453,0.002800,0.0169,2.1484,0.05,0.08
130.00,50,P,402,0.002800,-0.9771,1.9531,110.35,110.45
140.00,50,C,6439,0.002500,0.0147,2.0928,0.05,0.08
140.00,50,P,390,0.002500,-0.9793,2.2351,120.25,120.40
150.00,50,C,28296,0.002200,0.0129,2.2415,0.03,0.07
150.00,50,P,14,0.002200,-0.9811,2.3212,130.20,130.30
160.00,50,C,1146,0.001900,0.0114,2.1815,0.04,0.06
170.00,50,C,21687,0.001700,0.0101,2.2070,0.02,0.05
180.00,50,C,7701,0.001600,0.0091,2.3410,0.03,0.05
190.00,50,C,5579,0.001400,0.0081,2.4043,0.00,0.04
200.00,50,C,7217,0.001300,0.0074,2.3099,0.02,0.04
200.00,50,P,51,0.001300,-0.9867,0.0000,179.70,180.15
10.00,78,C,167,0.001700,0.9878,0.6563,9.50,9.75
10.00,78,P,235,0.001700,-0.0028,0.6121,0.00,0.02
10.50,78,C,240,0.002100,0.9872,0.5887,9.00,9.25
10.50,78,P,2,0.002100,-0.0034,0.5716,0.00,0.02
11.00,78,C,304,0.002800,0.9862,0.5190,8.50,8.75
11.00,78,P,22,0.002800,-0.0045,0.7115,0.00,0.03
11.50,78,C,17,0.004000,0.9841,0.4386,8.00,8.25
11.50,78,P,16,0.004000,-0.0065,0.6641,0.00,0.03
12.00,78,C,116,0.006100,0.9804,0.0000,7.50,7.75
12.00,78,P,303,0.006100,-0.0102,0.6268,0.00,0.03
12.50,78,C,43,0.009000,0.9746,0.0000,7.05,7.25
12.50,78,P,99,0.009000,-0.0161,0.5899,0.00,0.04
13.00,78,C,717,0.012800,0.9664,0.0000,6.60,6.75
13.00,78,P,2985,0.012800,-0.0243,0.4706,0.01,0.05
13.50,78,C,274,0.017400,0.9556,0.0000,6.15,6.25
13.50,78,P,165,0.017400,-0.0350,0.5233,0.03,0.05
14.00,78,C,804,0.022800,0.9422,0.3872,5.70,5.80
14.00,78,P,3911,0.022800,-0.0485,0.4235,0.06,0.10
14.50,78,C,451,0.029000,0.9260,0.4916,5.25,5.35
14.50,78,P,5529,0.029000,-0.0647,0.5075,0.12,0.15
15.00,78,C,942,0.036500,0.9011,0.4641,4.85,4.95
15.00,78,P,30186,0.036500,-0.0895,0.5111,0.21,0.25
16.00,78,C,6717,0.049700,0.8200,0.5734,4.15,4.25
16.00,78,P,39372,0.049700,-0.1707,0.5600,0.49,0.53
17.00,78,C,1922,0.057400,0.7447,0.5469,3.60,3.70
17.00,78,P,109113,0.057400,-0.2459,0.5889,0.93,0.97
18.00,78,C,4073,0.060000,0.6709,0.6066,3.15,3.25
18.00,78,P,29326,0.060000,-0.3197,0.6229,1.47,1.52
19.00,78,C,940,0.059600,0.6056,0.6794,2.81,2.87
19.00,78,P,81234,0.059600,-0.3850,0.7045,2.10,2.14
20.00,78,C,22267,0.057900,0.5491,0.7675,2.51,2.57
20.00,78,P,92792,0.057900,-0.4416,0.7539,2.79,2.84
21.00,78,C,6837,0.055500,0.5002,0.7635,2.26,2.32
21.00,78,P,8585,0.055500,-0.4905,0.7539,3.50,3.60
22.00,78,C,58355,0.052800,0.4578,0.8152,2.05,2.11
22.00,78,P,41523,0.052800,-0.5328,0.8571,4.30,4.40
23.00,78,C,47213,0.050100,0.4210,0.8504,1.88,1.93
23.00,78,P,6785,0.050100,-0.5696,0.8446,5.10,5.20
24.00,78,C,54442,0.047300,0.3891,0.8834,1.72,1.78
24.00,78,P,11432,0.047300,-0.6016,0.9290,5.95,6.05
25.00,78,C,76216,0.044700,0.3612,0.9498,1.60,1.65
25.00,78,P,7016,0.044700,-0.6294,0.8829,6.80,6.90
26.00,78,C,7657,0.042300,0.3368,0.9436,1.48,1.54
26.00,78,P,1331,0.042300,-0.6538,0.9549,7.65,7.80
27.00,78,C,1272,0.040000,0.3154,0.9700,1.39,1.44
27.00,78,P,196,0.040000,-0.6752,0.9846,8.55,8.70
28.00,78,C,31183,0.037900,0.2964,0.9802,1.30,1.36
28.00,78,P,82,0.037900,-0.6942,0.9612,9.45,9.60
29.00,78,C,5815,0.035900,0.2796,1.0213,1.23,1.28
29.00,78,P,562,0.035900,-0.7111,1.0133,10.40,10.50
30.00,78,C,68543,0.034100,0.2644,1.0443,1.16,1.22
30.00,78,P,4367,0.034100,-0.7262,1.0460,11.30,11.45
31.00,78,C,544,0.032500,0.2508,1.0673,1.11,1.16
31.00,78,P,36,0.032500,-0.7398,1.0584,12.25,12.35
32.00,78,C,22437,0.031000,0.2385,1.0692,1.06,1.11
32.00,78,P,6,0.031000,-0.7522,1.0760,13.20,13.30
33.00,78,C,11363,0.029600,0.2272,1.0894,1.01,1.06
33.00,78,P,32,0.029600,-0.7634,1.0999,14.15,14.25
34.00,78,C,10777,0.028300,0.2169,1.1281,0.97,1.01
34.00,78,P,1,0.028300,-0.7737,1.1310,15.05,15.20
35.00,78,C,128641,0.027100,0.2074,1.1480,0.93,0.97
35.00,78,P,15,0.027100,-0.7832,1.1507,16.00,16.15
36.00,78,C,9487,0.026000,0.1987,1.1658,0.89,0.93
36.00,78,P,9,0.026000,-0.7920,1.1174,17.00,17.10
37.00,78,C,2213,0.025000,0.1906,1.1589,0.86,0.90
37.00,78,P,9,0.025000,-0.8001,1.1316,17.95,18.05
38.00,78,C,4896,0.024000,0.1830,1.1999,0.82,0.86
38.00,78,P,1,0.024000,-0.8076,1.1438,18.90,19.00
39.00,78,C,710,0.023100,0.1760,1.2166,0.79,0.83
40.00,78,C,45759,0.022300,0.1694,1.2296,0.76,0.81
40.00,78,P,16,0.022300,-0.8213,1.2423,20.80,20.90
42.50,78,C,2470,0.020400,0.1546,1.2424,0.70,0.74
45.00,78,C,41296,0.018800,0.1419,1.2976,0.64,0.68
45.00,78,P,208,0.018800,-0.8487,1.3102,25.65,25.75
47.50,78,C,5835,0.017400,0.1309,1.3634,0.59,0.63
50.00,78,C,60715,0.016100,0.1212,1.4079,0.54,0.58
50.00,78,P,3,0.016100,-0.8694,1.3644,30.50,30.60
55.00,78,C,67102,0.014000,0.1051,1.3782,0.46,0.50
55.00,78,P,1,0.014000,-0.8856,1.4122,35.35,35.45
60.00,78,C,78759,0.012400,0.0922,1.4492,0.40,0.44
60.00,78,P,2,0.012400,-0.8984,1.4601,40.25,40.35
65.00,78,C,56225,0.011000,0.0817,1.4899,0.34,0.38
70.00,78,C,45515,0.009900,0.0730,1.5206,0.29,0.33
75.00,78,C,33267,0.009000,0.0658,1.5326,0.26,0.30
80.00,78,C,20008,0.008100,0.0596,1.5772,0.23,0.27
80.00,78,P,1,0.008100,-0.9310,1.5367,59.85,60.00
85.00,78,C,1988,0.007400,0.0543,1.5974,0.21,0.24
90.00,78,C,38096,0.006800,0.0497,1.6221,0.19,0.23
90.00,78,P,1,0.006800,-0.9409,1.6250,69.75,69.85
95.00,78,C,40887,0.006300,0.0458,1.6240,0.17,0.21
100.00,78,C,26190,0.005800,0.0423,1.6445,0.16,0.20
100.00,78,P,58,0.005800,-0.9483,1.6397,79.60,79.75
110.00,78,C,5059,0.005100,0.0365,1.7032,0.14,0.17
110.00,78,P,55,0.005100,-0.9541,1.6253,89.50,89.60
120.00,78,C,445,0.004500,0.0319,1.7384,0.12,0.16
120.00,78,P,107,0.004500,-0.9587,1.7207,99.35,99.50
130.00,78,C,128,0.004000,0.0282,1.7637,0.12,0.14
130.00,78,P,102,0.004000,-0.9625,1.5080,109.25,109.40
140.00,78,C,386,0.003500,0.0251,1.8423,0.10,0.13
140.00,78,P,120,0.003500,-0.9656,1.7617,119.15,119.25
150.00,78,C,15912,0.003200,0.0225,1.8375,0.09,0.12
150.00,78,P,1,0.003200,-0.9681,1.5292,129.05,129.15
160.00,78,C,311,0.002900,0.0204,1.8724,0.08,0.11
170.00,78,C,443,0.002600,0.0185,1.9243,0.08,0.10
180.00,78,C,871,0.002400,0.0169,1.9532,0.07,0.09
190.00,78,C,900,0.002200,0.0156,1.9681,0.06,0.08
200.00,78,C,1059,0.002100,0.0144,1.8586,0.05,0.07
200.00,78,P,10,0.002100,-0.9762,0.0000,178.50,178.60
10.00,113,C,74,0.002000,0.9822,0.0000,10.15,10.45
10.00,113,P,207,0.002000,-0.0041,0.5311,0.00,0.02
10.50,113,P,1,0.002900,-0.0060,0.6908,0.00,0.03
11.00,113,C,45,0.004100,0.9777,0.0000,9.20,9.45
11.00,113,P,10,0.004100,-0.0086,0.6552,0.00,0.03
11.50,113,C,2,0.005600,0.9744,0.0000,8.70,8.95
11.50,113,P,204,0.005600,-0.0119,0.6206,0.00,0.03
12.00,113,C,14,0.007400,0.9700,0.4313,8.20,8.45
12.00,113,P,257,0.007400,-0.0162,0.5867,0.00,0.04
12.50,113,C,1,0.009600,0.9646,0.3740,7.75,7.90
12.50,113,P,318,0.009600,-0.0217,0.5483,0.00,0.05
13.00,113,C,16,0.012300,0.9579,0.2998,7.30,7.45
13.00,113,P,1988,0.012300,-0.0284,0.5212,0.02,0.06
13.50,113,C,25,0.015500,0.9498,0.4051,6.80,6.95
13.50,113,P,177,0.015500,-0.0365,0.4982,0.04,0.08
14.00,113,C,98,0.019500,0.9388,0.4253,6.35,6.50
14.00,113,P,94,0.019500,-0.0475,0.4779,0.08,0.12
14.50,113,C,17,0.024800,0.9210,0.4469,5.95,6.10
14.50,113,P,578,0.024800,-0.0652,0.4817,0.15,0.16
15.00,113,C,355,0.030700,0.8951,0.4670,5.55,5.70
15.00,113,P,15649,0.030700,-0.0912,0.4474,0.22,0.26
16.00,113,C,370,0.040600,0.8310,0.5113,4.85,4.95
16.00,113,P,20014,0.040600,-0.1553,0.5274,0.50,0.57
17.00,113,C,719,0.046500,0.7637,0.5479,4.25,4.40
17.00,113,P,16301,0.046500,-0.2226,0.5664,0.92,0.97
18.00,113,C,515,0.049300,0.7002,0.5893,3.80,3.90
18.00,113,P,4259,0.049300,-0.2861,0.5987,1.43,1.48
19.00,113,C,546,0.050100,0.6427,0.5821,3.40,3.55
19.00,113,P,1184,0.050100,-0.3436,0.6375,2.03,2.08
20.00,113,C,9103,0.049700,0.5913,0.6658,3.10,3.20
20.00,113,P,44978,0.049700,-0.3950,0.6769,2.68,2.75
21.00,113,C,4283,0.048600,0.5457,0.6961,2.83,2.90
21.00,113,P,27438,0.048600,-0.4406,0.7067,3.35,3.45
22.00,113,C,11141,0.047000,0.5053,0.7306,2.59,2.66
22.00,113,P,9038,0.047000,-0.4810,0.7420,4.10,4.25
23.00,113,C,9812,0.045300,0.4695,0.7569,2.38,2.45
23.00,113,P,10419,0.045300,-0.5168,0.7680,4.90,5.00
24.00,113,C,41623,0.043500,0.4377,0.7539,2.21,2.28
24.00,113,P,1149,0.043500,-0.5486,0.7919,5.70,5.80
25.00,113,C,3135,0.041600,0.4094,0.8361,2.05,2.12
25.00,113,P,12745,0.041600,-0.5769,0.8206,6.50,6.65
26.00,113,C,21422,0.039800,0.3842,0.8309,1.91,1.97
26.00,113,P,1320,0.039800,-0.6021,0.8206,7.35,7.50
27.00,113,C,293,0.038100,0.3616,0.8529,1.79,1.86
27.00,113,P,22,0.038100,-0.6247,0.8681,8.25,8.35
28.00,113,C,577,0.036500,0.3412,0.8742,1.68,1.75
28.00,113,P,13,0.036500,-0.6451,0.8579,9.10,9.25
29.00,113,C,10520,0.034900,0.3228,0.8930,1.58,1.65
29.00,113,P,560,0.034900,-0.6635,0.8798,10.00,10.15
30.00,113,C,26969,0.033400,0.3062,0.9122,1.50,1.57
30.00,113,P,607,0.033400,-0.6801,0.9111,10.90,11.05
31.00,113,C,622,0.032000,0.2910,0.9298,1.42,1.49
31.00,113,P,16,0.032000,-0.6953,0.9270,11.80,11.95
32.00,113,C,857,0.030800,0.2772,0.9473,1.35,1.42
33.00,113,C,21061,0.029500,0.2645,0.9253,1.30,1.35
33.00,113,P,2,0.029500,-0.7218,0.9643,13.65,13.80
34.00,113,C,2892,0.028400,0.2528,0.9961,1.23,1.30
34.00,113,P,2,0.028400,-0.7335,0.9796,14.55,14.70
35.00,113,C,17384,0.027300,0.2420,0.9947,1.18,1.25
35.00,113,P,55,0.027300,-0.7443,0.9642,15.50,15.65
36.00,113,C,183,0.026300,0.2319,1.0080,1.13,1.20
36.00,113,P,40,0.026300,-0.7544,1.0044,16.45,16.60
37.00,113,C,5649,0.025400,0.2226,1.0226,1.09,1.15
37.00,113,P,1,0.025400,-0.7637,1.0215,17.40,17.50
38.00,113,C,133,0.024500,0.2139,1.0341,1.05,1.11
39.00,113,C,2543,0.023700,0.2058,1.0473,1.01,1.07
39.00,113,P,404,0.023700,-0.7805,1.0280,19.30,19.40
40.00,113,C,14119,0.022900,0.1982,1.0935,0.98,1.03
40.00,113,P,58,0.022900,-0.7880,1.0158,20.25,20.35
42.50,113,C,703,0.021100,0.1812,1.1246,0.90,0.95
45.00,113,C,1586,0.019500,0.1665,1.1509,0.82,0.88
45.00,113,P,11,0.019500,-0.8198,1.1132,25.00,25.15
47.50,113,C,927,0.018100,0.1537,1.1752,0.76,0.81
47.50,113,P,1,0.018100,-0.8326,1.1370,27.40,27.55
50.00,113,C,190717,0.016900,0.1425,1.1982,0.70,0.75
50.00,113,P,1,0.016900,-0.8438,1.1560,29.80,29.95
55.00,113,C,16600,0.014800,0.1237,1.2381,0.60,0.65
55.00,113,P,2,0.014800,-0.8626,1.1908,34.65,34.75
60.00,113,C,92721,0.013200,0.1086,1.2616,0.52,0.57
60.00,113,P,8,0.013200,-0.8777,1.2227,39.50,39.60
65.00,113,C,25186,0.011800,0.0963,1.2611,0.45,0.50
65.00,113,P,7,0.011800,-0.8900,1.2559,44.35,44.50
70.00,113,C,39355,0.010600,0.0862,1.2868,0.40,0.44
70.00,113,P,134,0.010600,-0.9001,1.2803,49.20,49.35
75.00,113,C,1430,0.009600,0.0777,1.3345,0.35,0.39
80.00,113,C,30713,0.008800,0.0705,1.3692,0.31,0.35
85.00,113,C,25222,0.008100,0.0643,1.3493,0.28,0.32
90.00,113,C,13350,0.007400,0.0590,1.3582,0.25,0.29
95.00,113,C,21105,0.006900,0.0544,1.3864,0.23,0.27
100.00,113,C,21563,0.006400,0.0503,1.3763,0.23,0.25
100.00,113,P,4,0.006400,-0.9360,1.3944,78.60,78.75
110.00,113,C,861,0.005600,0.0435,1.4074,0.19,0.22
120.00,113,C,137,0.004900,0.0382,1.4620,0.16,0.20
120.00,113,P,136,0.004900,-0.9481,1.4323,98.25,98.40
130.00,113,C,4062,0.004400,0.0338,1.4887,0.14,0.18
140.00,113,C,5,0.003900,0.0302,1.5151,0.13,0.17
140.00,113,P,223,0.003900,-0.9561,1.5251,117.95,118.10
150.00,113,C,101,0.003600,0.0272,1.5497,0.12,0.16
150.00,113,P,1,0.003600,-0.9591,1.5497,127.80,127.95
160.00,113,C,21,0.003200,0.0246,1.5810,0.11,0.15
170.00,113,C,353,0.003000,0.0225,1.6094,0.10,0.14
180.00,113,C,21,0.002700,0.0206,1.5683,0.09,0.13
190.00,113,C,2,0.002500,0.0190,1.6585,0.08,0.12
200.00,113,C,5928,0.002300,0.0175,1.6717,0.07,0.11
200.00,113,P,8,0.002300,-0.9688,1.6074,177.05,177.20
10.00,141,C,209,0.002300,0.9776,0.5708,10.35,10.70
10.00,141,P,342,0.002300,-0.0050,0.4816,0.00,0.02
10.50,141,C,2,0.003300,0.9754,0.0000,9.85,10.15
10.50,141,P,201,0.003300,-0.0072,0.6450,0.00,0.03
11.00,141,C,110,0.004400,0.9725,0.0000,9.35,9.70
11.00,141,P,409,0.004400,-0.0101,0.6118,0.00,0.03
11.50,141,P,3,0.005900,-0.0138,0.5744,0.00,0.03
12.00,141,C,9,0.007700,0.9643,0.2954,8.35,8.70
12.00,141,P,471,0.007700,-0.0184,0.5434,0.00,0.02
13.00,141,C,6,0.012400,0.9520,0.3145,7.40,7.75
13.00,141,P,140,0.012400,-0.0306,0.3506,0.02,0.04
13.50,141,C,3,0.015400,0.9439,0.3361,6.95,7.30
13.50,141,P,44,0.015400,-0.0388,0.4296,0.05,0.06
14.00,141,C,824,0.019000,0.9333,0.3914,6.60,6.80
14.00,141,P,417,0.019000,-0.0494,0.4689,0.09,0.14
14.50,141,C,1,0.023500,0.9185,0.4098,6.15,6.40
14.50,141,P,2214,0.023500,-0.0641,0.4436,0.16,0.19
15.00,141,C,211,0.028600,0.8980,0.4276,5.75,6.00
15.00,141,P,19792,0.028600,-0.0846,0.4078,0.26,0.30
16.00,141,C,310,0.038600,0.8412,0.4764,5.10,5.30
16.00,141,P,8943,0.038600,-0.1414,0.4434,0.54,0.57
17.00,141,C,318,0.044700,0.7716,0.5020,4.50,4.70
17.00,141,P,28612,0.044700,-0.2110,0.5250,0.94,1.01
18.00,141,C,468,0.047000,0.7071,0.5405,4.05,4.25
18.00,141,P,192,0.047000,-0.2756,0.5436,1.45,1.53
19.00,141,C,278,0.047400,0.6508,0.5906,3.65,3.85
19.00,141,P,14502,0.047400,-0.3319,0.5972,2.03,2.12
20.00,141,C,2938,0.046900,0.6014,0.6109,3.35,3.45
20.00,141,P,29586,0.046900,-0.3812,0.6094,2.68,2.77
21.00,141,C,651,0.045900,0.5577,0.6385,3.05,3.20
21.00,141,P,5130,0.045900,-0.4249,0.6617,3.35,3.50
22.00,141,C,9848,0.044700,0.5188,0.6649,2.84,2.94
22.00,141,P,60678,0.044700,-0.4638,0.6684,4.10,4.25
23.00,141,C,9037,0.043200,0.4840,0.6899,2.63,2.72
23.00,141,P,34058,0.043200,-0.4986,0.6889,4.85,5.00
24.00,141,C,6458,0.041700,0.4528,0.7368,2.47,2.53
24.00,141,P,6558,0.041700,-0.5299,0.7920,5.70,5.80
25.00,141,C,36324,0.040200,0.4246,0.7349,2.30,2.37
25.00,141,P,4398,0.040200,-0.5580,0.7348,6.50,6.60
26.00,141,C,11266,0.038600,0.3993,0.7549,2.14,2.22
26.00,141,P,1321,0.038600,-0.5834,0.7266,7.30,7.45
27.00,141,C,31284,0.037100,0.3763,0.7726,2.00,2.09
27.00,141,P,37,0.037100,-0.6063,0.7704,8.15,8.30
28.00,141,C,1551,0.035700,0.3555,0.7906,1.90,1.97
28.00,141,P,93,0.035700,-0.6271,0.8111,9.05,9.20
29.00,141,C,1665,0.034300,0.3366,0.8074,1.78,1.86
29.00,141,P,565,0.034300,-0.6460,0.7844,9.90,10.05
30.00,141,C,17368,0.032900,0.3193,0.8322,1.71,1.76
30.00,141,P,610,0.032900,-0.6633,0.8303,10.75,10.95
31.00,141,C,121,0.031700,0.3036,0.7963,1.59,1.68
31.00,141,P,25,0.031700,-0.6790,0.8521,11.65,11.85
32.00,141,C,255,0.030500,0.2892,0.8130,1.52,1.59
32.00,141,P,3,0.030500,-0.6935,0.8660,12.55,12.75
33.00,141,C,1726,0.029300,0.2759,0.8896,1.45,1.52
34.00,141,C,579,0.028200,0.2637,0.8439,1.38,1.45
35.00,141,C,19751,0.027200,0.2524,0.8876,1.34,1.40
35.00,141,P,3,0.027200,-0.7302,0.8822,15.30,15.50
36.00,141,C,347,0.026300,0.2420,0.8987,1.27,1.34
37.00,141,C,710,0.025400,0.2323,0.9108,1.22,1.29
37.00,141,P,1,0.025400,-0.7503,0.9298,17.15,17.40
38.00,141,C,1329,0.024500,0.2233,0.9216,1.17,1.24
38.00,141,P,3,0.024500,-0.7593,0.8986,18.10,18.30
39.00,141,C,503,0.023700,0.2149,0.9607,1.13,1.20
40.00,141,C,1439,0.022900,0.2070,0.9708,1.09,1.16
40.00,141,P,11,0.022900,-0.7756,0.9320,20.00,20.20
42.50,141,C,2904,0.021200,0.1895,0.9643,1.00,1.06
42.50,141,P,59,0.021200,-0.7931,0.9816,22.35,22.55
45.00,141,C,781,0.019600,0.1744,0.9834,0.92,0.98
45.00,141,P,3,0.019600,-0.8082,1.0120,24.70,24.95
47.50,141,C,2468,0.018300,0.1613,1.0837,0.85,0.91
50.00,141,C,9458,0.017100,0.1499,1.0700,0.79,0.85
55.00,141,C,15833,0.015100,0.1308,1.1156,0.68,0.73
60.00,141,C,155813,0.013400,0.1156,1.0776,0.58,0.64
65.00,141,C,4858,0.012100,0.1032,1.1240,0.51,0.56
70.00,141,C,43240,0.010900,0.0931,1.1671,0.44,0.49
75.00,141,C,3095,0.010000,0.0846,1.1300,0.39,0.44
75.00,141,P,1,0.010000,-0.8981,1.1632,53.60,53.90
80.00,141,C,8326,0.009200,0.0774,1.2477,0.34,0.39
80.00,141,P,2,0.009200,-0.9052,1.1828,58.50,58.75
85.00,141,C,1762,0.008500,0.0712,1.2326,0.30,0.35
90.00,141,C,1640,0.007900,0.0660,1.2532,0.27,0.32
95.00,141,C,10712,0.007300,0.0613,1.2704,0.25,0.29
100.00,141,C,770,0.006800,0.0573,1.2197,0.22,0.27
100.00,141,P,4,0.006800,-0.9253,1.2300,78.00,78.35
110.00,141,C,1,0.006000,0.0506,1.3114,0.19,0.24
120.00,141,C,309,0.005400,0.0451,1.3412,0.18,0.21
120.00,141,P,61,0.005400,-0.9375,1.2858,97.55,97.95
130.00,141,C,4234,0.004900,0.0407,1.3688,0.16,0.19
140.00,141,C,228,0.004400,0.0370,1.3908,0.15,0.18
140.00,141,P,108,0.004400,-0.9456,1.1726,117.15,117.60
150.00,141,C,87,0.004100,0.0339,1.4382,0.13,0.17
160.00,141,C,601,0.003800,0.0313,1.4312,0.12,0.15
170.00,141,C,658,0.003500,0.0290,1.4517,0.11,0.14
180.00,141,C,462,0.003200,0.0270,1.4754,0.10,0.14
190.00,141,C,313,0.003000,0.0253,1.4971,0.10,0.12
190.00,141,P,1,0.003000,-0.9574,1.1924,166.10,166.70
200.00,141,C,2654,0.002800,0.0237,1.5234,0.08,0.12
200.00,141,P,2,0.002800,-0.9589,0.0000,175.95,176.50
10.00,169,C,279,0.001900,0.9751,0.5499,10.30,10.80
10.00,169,P,158,0.001900,-0.0039,0.4630,0.00,0.03
10.50,169,C,47,0.002700,0.9734,0.5394,9.80,10.30
10.50,169,P,265,0.002700,-0.0057,0.6958,0.00,0.03
11.00,169,C,110,0.003800,0.9708,0.5254,9.30,9.80
11.00,169,P,205,0.003800,-0.0082,0.6621,0.00,0.03
11.50,169,C,11,0.005300,0.9673,0.4803,8.80,9.35
11.50,169,P,100,0.005300,-0.0118,0.6262,0.00,0.04
12.00,169,C,41,0.007200,0.9625,0.4662,8.35,8.85
12.00,169,P,110,0.007200,-0.0165,0.5977,0.01,0.04
12.50,169,C,3,0.009500,0.9564,0.4501,7.85,8.35
12.50,169,P,101,0.009500,-0.0227,0.5638,0.01,0.06
13.00,169,C,57,0.012300,0.9486,0.4326,7.40,7.90
13.00,169,P,110,0.012300,-0.0304,0.5416,0.03,0.08
13.50,169,C,11,0.015600,0.9389,0.5602,7.00,7.45
13.50,169,P,37,0.015600,-0.0401,0.5140,0.06,0.11
14.00,169,C,110,0.019600,0.9254,0.4382,6.60,6.85
14.00,169,P,888,0.019600,-0.0536,0.3802,0.12,0.17
14.50,169,C,42,0.024500,0.9046,0.4488,6.20,6.45
14.50,169,P,170,0.024500,-0.0744,0.3988,0.20,0.25
15.00,169,C,271,0.029400,0.8766,0.4608,5.80,6.05
15.00,169,P,5977,0.029400,-0.1024,0.4381,0.31,0.35
16.00,169,C,1026,0.036800,0.8159,0.4932,5.15,5.40
16.00,169,P,5765,0.036800,-0.1632,0.4302,0.61,0.67
17.00,169,C,1676,0.042000,0.7589,0.5186,4.70,4.85
17.00,169,P,9068,0.042000,-0.2201,0.4583,1.03,1.11
18.00,169,C,589,0.044600,0.7017,0.5520,4.15,4.35
18.00,169,P,53,0.044600,-0.2773,0.4512,1.54,1.63
19.00,169,C,122,0.045300,0.6490,0.5855,3.75,4.00
19.00,169,P,5122,0.045300,-0.3301,0.5793,2.13,2.22
20.00,169,C,3071,0.045000,0.6018,0.6104,3.45,3.60
20.00,169,P,205,0.045000,-0.3773,0.5725,2.77,2.87
21.00,169,C,212,0.044300,0.5596,0.6343,3.15,3.30
21.00,169,P,50,0.044300,-0.4194,0.6326,3.45,3.60
22.00,169,C,5230,0.043200,0.5219,0.6578,2.94,3.05
22.00,169,P,4990,0.043200,-0.4572,0.6563,4.15,4.30
23.00,169,C,3527,0.041900,0.4880,0.6814,2.72,2.82
23.00,169,P,4399,0.041900,-0.4911,0.6801,4.90,5.05
24.00,169,C,287,0.040600,0.4574,0.7008,2.53,2.62
24.00,169,P,1255,0.040600,-0.5216,0.6613,5.70,5.85
25.00,169,C,2824,0.039200,0.4298,0.7214,2.35,2.45
25.00,169,P,2260,0.039200,-0.5492,0.7195,6.50,6.65
26.00,169,C,2560,0.037700,0.4048,0.7394,2.20,2.30
26.00,169,P,1203,0.037700,-0.5742,0.7367,7.35,7.50
27.00,169,C,50,0.036400,0.3822,0.7544,2.06,2.16
27.00,169,P,53,0.036400,-0.5969,0.7122,8.15,8.35
28.00,169,C,614,0.035000,0.3615,0.7717,1.94,2.04
28.00,169,P,7,0.035000,-0.6175,0.7694,9.05,9.20
29.00,169,C,174,0.033700,0.3427,0.7870,1.83,1.92
29.00,169,P,506,0.033700,-0.6364,0.7857,9.85,10.10
30.00,169,C,3034,0.032500,0.3254,0.8006,1.75,1.82
30.00,169,P,512,0.032500,-0.6536,0.8044,10.70,11.00
31.00,169,C,39,0.031300,0.3096,0.8106,1.64,1.72
31.00,169,P,122,0.031300,-0.6694,0.8158,11.60,11.90
32.00,169,C,490,0.030100,0.2950,0.8235,1.55,1.64
32.00,169,P,1,0.030100,-0.6840,0.8299,12.50,12.75
33.00,169,C,2658,0.029000,0.2815,0.8365,1.50,1.56
34.00,169,C,33,0.028000,0.2690,0.8476,1.41,1.49
35.00,169,C,2017,0.027000,0.2575,0.8582,1.35,1.42
35.00,169,P,20,0.027000,-0.7216,0.8613,15.20,15.50
36.00,169,C,216,0.026100,0.2467,0.8228,1.29,1.36
37.00,169,C,324,0.025300,0.2366,0.8782,1.23,1.31
38.00,169,C,1247,0.024400,0.2272,0.8890,1.18,1.26
39.00,169,C,397,0.023600,0.2184,0.8987,1.13,1.21
40.00,169,C,8666,0.022900,0.2101,0.9939,1.09,1.16
40.00,169,P,13,0.022900,-0.7689,0.7658,19.85,20.10
42.50,169,C,1092,0.021200,0.1916,0.9290,0.99,1.06
45.00,169,C,8844,0.019600,0.1754,0.9572,0.90,0.97
45.00,169,P,2,0.019600,-0.8036,0.9133,24.55,25.30
47.50,169,C,3824,0.018200,0.1614,0.9840,0.82,0.90
50.00,169,C,1718,0.017000,0.1491,1.0074,0.75,0.83
55.00,169,C,8042,0.015000,0.1285,1.0218,0.64,0.71
60.00,169,C,592,0.013200,0.1122,1.0871,0.55,0.61
65.00,169,C,731,0.011800,0.0990,1.0661,0.47,0.53
70.00,169,C,25672,0.010600,0.0881,1.0868,0.42,0.47
75.00,169,C,551,0.009600,0.0791,1.0848,0.36,0.42
80.00,169,C,206,0.008800,0.0715,1.1301,0.34,0.37
85.00,169,C,1176,0.008000,0.0651,1.1536,0.30,0.34
90.00,169,C,772,0.007400,0.0597,1.1739,0.28,0.31
95.00,169,C,2,0.006900,0.0550,1.1939,0.24,0.29
100.00,169,C,508,0.006400,0.0509,1.2144,0.22,0.27
100.00,169,P,6,0.006400,-0.9282,1.1480,77.65,78.05
110.00,169,C,798,0.005600,0.0442,1.2523,0.20,0.23
110.00,169,P,1,0.005600,-0.9348,1.2382,87.40,87.80
120.00,169,C,104,0.004900,0.0390,1.2869,0.17,0.21
120.00,169,P,1,0.004900,-0.9401,1.2583,97.15,97.60
140.00,169,C,102,0.004000,0.0315,1.3514,0.14,0.18
150.00,169,C,212,0.003600,0.0287,1.3799,0.12,0.16
180.00,169,P,1,0.002900,-0.9562,1.4111,155.65,156.50
190.00,169,C,200,0.002700,0.0214,1.4835,0.09,0.12
190.00,169,P,2,0.002700,-0.9577,1.4458,165.45,166.30
200.00,169,C,123,0.002500,0.0201,1.5086,0.08,0.12
200.00,169,P,7,0.002500,-0.9589,1.4568,175.25,176.10
10.00,204,C,15,0.002400,0.9687,0.0000,11.00,11.55
10.00,204,P,4,0.002400,-0.0060,0.6756,0.00,0.08
10.50,204,C,2,0.003100,0.9667,0.0000,10.50,11.05
10.50,204,P,5,0.003100,-0.0080,0.6454,0.00,0.20
11.00,204,C,63,0.004100,0.9641,0.0000,10.05,10.55
11.50,204,C,1,0.005300,0.9608,0.0000,9.55,10.10
11.50,204,P,1,0.005300,-0.0139,0.6089,0.00,0.26
12.00,204,C,27,0.006800,0.9564,0.0000,9.05,9.60
12.50,204,C,14,0.008600,0.9510,0.0000,8.60,9.15
13.00,204,C,13,0.010800,0.9442,0.0000,8.10,8.65
13.00,204,P,16,0.010800,-0.0305,0.5040,0.00,0.23
13.50,204,C,3,0.013300,0.9359,0.3092,7.65,8.20
13.50,204,P,2,0.013300,-0.0388,0.4855,0.01,0.10
14.00,204,C,203,0.016200,0.9261,0.3309,7.25,7.65
14.00,204,P,68,0.016200,-0.0486,0.3688,0.06,0.17
14.50,204,C,11,0.019400,0.9146,0.3673,6.85,7.20
14.50,204,P,21,0.019400,-0.0600,0.4917,0.09,0.26
15.00,204,C,133,0.022900,0.9015,0.4234,6.45,6.80
15.00,204,P,83,0.022900,-0.0732,0.3692,0.12,0.22
16.00,204,C,324,0.031200,0.8510,0.4134,5.75,6.10
16.00,204,P,1167,0.031200,-0.1236,0.3568,0.31,0.58
17.00,204,C,398,0.036900,0.7924,0.4476,5.15,5.55
17.00,204,P,16,0.036900,-0.1823,0.4015,0.78,0.99
18.00,204,C,154,0.040200,0.7357,0.4749,4.65,5.05
18.00,204,P,145,0.040200,-0.2389,0.4443,1.14,1.51
19.00,204,C,221,0.041400,0.6829,0.4998,4.20,4.65
19.00,204,P,15,0.041400,-0.2918,0.5025,1.69,2.06
20.00,204,C,1055,0.041600,0.6357,0.5290,3.95,4.25
20.00,204,P,212,0.041600,-0.3389,0.4990,2.31,2.66
21.00,204,C,86,0.041300,0.5936,0.5515,3.60,3.95
21.00,204,P,28,0.041300,-0.3811,0.5706,2.98,3.35
22.00,204,C,50,0.040600,0.5556,0.5768,3.35,3.65
22.00,204,P,24,0.040600,-0.4190,0.5752,3.75,4.05
23.00,204,C,152,0.039700,0.5214,0.5988,3.15,3.40
23.00,204,P,120,0.039700,-0.4533,0.5942,4.50,4.80
24.00,204,C,44,0.038600,0.4903,0.6188,2.91,3.15
24.00,204,P,5,0.038600,-0.4844,0.6151,5.25,5.55
25.00,204,C,364,0.037500,0.4621,0.6514,2.80,2.98
25.00,204,P,43,0.037500,-0.5126,0.6350,6.00,6.35
26.00,204,C,27,0.036400,0.4363,0.6494,2.50,2.86
26.00,204,P,8,0.036400,-0.5384,0.6505,6.80,7.10
27.00,204,C,13,0.035200,0.4128,0.6642,2.32,2.71
27.00,204,P,3,0.035200,-0.5619,0.6622,7.65,7.95
28.00,204,C,271,0.034100,0.3912,0.6783,2.15,2.57
28.00,204,P,5,0.034100,-0.5834,0.6788,8.45,8.80
29.00,204,C,215,0.033000,0.3715,0.7103,2.13,2.44
29.00,204,P,2,0.033000,-0.6032,0.6924,9.30,9.60
30.00,204,C,849,0.031900,0.3533,0.7037,2.00,2.32
31.00,204,C,311,0.030800,0.3365,0.7158,1.79,2.21
31.00,204,P,1,0.030800,-0.6382,0.7337,11.00,11.35
32.00,204,C,161,0.029800,0.3210,0.7266,1.62,2.15
33.00,204,C,17,0.028800,0.3067,0.7372,1.70,2.01
34.00,204,C,774,0.027900,0.2934,0.8039,1.70,1.91
35.00,204,C,313,0.027000,0.2811,0.7562,1.53,1.83
37.00,204,C,1,0.025300,0.2589,0.7729,1.30,1.68
38.00,204,C,21,0.024500,0.2488,0.8035,1.24,1.62
39.00,204,C,8,0.023700,0.2394,0.7894,1.19,1.55
40.00,204,C,769,0.023000,0.2306,0.7758,1.22,1.49
42.50,204,C,5,0.021400,0.2108,0.8133,1.03,1.35
45.00,204,C,387,0.019900,0.1937,0.8296,0.93,1.24
47.50,204,C,17,0.018600,0.1788,0.8691,0.85,1.13
50.00,204,C,132,0.017400,0.1656,0.9215,0.81,1.04
55.00,204,C,177,0.015400,0.1437,0.9332,0.66,0.89
60.00,204,C,63,0.013700,0.1262,0.9005,0.57,0.77
65.00,204,C,15,0.012300,0.1119,0.9188,0.43,0.68
70.00,204,C,313,0.011100,0.1002,0.9682,0.47,0.59
75.00,204,C,386,0.010100,0.0903,0.9904,0.29,0.53
75.00,204,P,1,0.010100,-0.8844,0.9839,52.30,52.75
80.00,204,C,32,0.009300,0.0820,1.0122,0.25,0.50
80.00,204,P,1,0.009300,-0.8927,0.9554,57.10,57.60
85.00,204,C,6,0.008500,0.0748,1.0325,0.29,0.46
90.00,204,C,48,0.007900,0.0687,1.0519,0.26,0.43
95.00,204,C,56,0.007300,0.0634,1.0687,0.27,0.39
100.00,204,C,60,0.006800,0.0587,1.0855,0.24,0.36
100.00,204,P,1,0.006800,-0.9160,1.0029,76.45,77.00
110.00,204,C,30,0.005900,0.0509,1.1184,0.21,0.31
120.00,204,C,4,0.005300,0.0447,1.1479,0.18,0.26
130.00,204,C,7,0.004700,0.0397,1.1780,0.15,0.24
140.00,204,C,4,0.004200,0.0356,1.2043,0.13,0.22
150.00,204,C,13,0.003800,0.0322,1.2305,0.11,0.20
160.00,204,C,25,0.003500,0.0292,1.2540,0.10,0.33
170.00,204,C,2,0.003200,0.0267,1.2785,0.09,0.17
180.00,204,C,11,0.003000,0.0246,1.2976,0.10,0.16
190.00,204,C,11,0.002700,0.0227,1.3184,0.09,0.20
200.00,204,C,454,0.002600,0.0210,1.2213,0.09,0.17
200.00,204,P,1,0.002600,-0.9537,1.0898,173.70,174.25
10.00,232,C,27,0.002200,0.9657,0.0000,11.25,11.80
10.00,232,P,13,0.002200,-0.0056,0.7179,0.00,0.21
11.00,232,C,1,0.003900,0.9609,0.0000,10.05,10.85
11.50,232,C,5,0.005100,0.9576,0.0000,9.60,10.40
12.00,232,C,2,0.006500,0.9535,0.0000,9.10,9.90
13.00,232,C,4,0.010000,0.9427,0.0000,8.15,8.95
13.00,232,P,6,0.010000,-0.0286,0.3552,0.00,0.12
13.50,232,P,1,0.012300,-0.0358,0.3374,0.06,0.13
14.00,232,C,4,0.014900,0.9268,0.2687,7.35,8.00
14.00,232,P,7,0.014900,-0.0444,0.3593,0.06,0.19
14.50,232,C,24,0.017800,0.9166,0.3097,6.90,7.55
14.50,232,P,27,0.017800,-0.0547,0.4782,0.10,0.19
15.00,232,C,70,0.021300,0.9028,0.4071,6.50,7.15
15.00,232,P,209,0.021300,-0.0685,0.3258,0.18,0.30
16.00,232,C,2083,0.029300,0.8439,0.3829,5.70,6.55
16.00,232,P,186,0.029300,-0.1274,0.3910,0.23,0.71
17.00,232,C,14,0.034300,0.7908,0.4892,5.25,5.95
17.00,232,P,7,0.034300,-0.1805,0.3663,0.70,0.94
18.00,232,C,192,0.037400,0.7384,0.4800,4.90,5.50
18.00,232,P,7,0.037400,-0.2328,0.4137,1.15,1.59
19.00,232,C,76,0.038800,0.6886,0.4719,4.30,5.00
19.00,232,P,2,0.038800,-0.2826,0.4881,1.65,2.10
20.00,232,C,330,0.039200,0.6437,0.5008,4.10,4.60
20.00,232,P,181,0.039200,-0.3276,0.5020,2.30,2.67
21.00,232,C,33,0.039000,0.6032,0.5232,3.75,4.30
21.00,232,P,29,0.039000,-0.3681,0.5133,2.82,3.45
22.00,232,C,48,0.038500,0.5666,0.5465,3.50,4.00
22.00,232,P,20,0.038500,-0.4047,0.5495,3.70,4.10
23.00,232,C,17,0.037800,0.5333,0.5653,3.25,3.70
23.00,232,P,9,0.037800,-0.4380,0.5688,4.25,4.85
24.00,232,C,183,0.037000,0.5030,0.5844,2.87,3.45
24.00,232,P,3,0.037000,-0.4683,0.5899,5.15,5.60
25.00,232,C,357,0.036000,0.4754,0.6158,2.78,3.30
25.00,232,P,8,0.036000,-0.4959,0.6026,5.95,6.35
26.00,232,C,5,0.035100,0.4500,0.6141,2.58,3.10
26.00,232,P,7,0.035100,-0.5213,0.6186,6.70,7.15
27.00,232,C,30,0.034100,0.4267,0.6964,2.62,2.98
27.00,232,P,9,0.034100,-0.5446,0.6348,7.50,7.95
28.00,232,C,214,0.033100,0.4052,0.6414,2.22,2.88
28.00,232,P,8,0.033100,-0.5660,0.6441,8.30,8.75
29.00,232,C,330,0.032100,0.3855,0.6565,2.03,2.74
29.00,232,P,4,0.032100,-0.5858,0.6582,9.05,9.70
30.00,232,C,626,0.031100,0.3672,0.6660,1.91,2.63
30.00,232,P,1,0.031100,-0.6041,0.6738,9.85,10.50
31.00,232,C,59,0.030200,0.3502,0.6764,1.72,2.51
32.00,232,C,164,0.029200,0.3345,0.6873,1.68,2.40
33.00,232,C,101,0.028400,0.3199,0.6962,1.59,2.31
34.00,232,C,10,0.027500,0.3063,0.7060,1.51,2.22
35.00,232,C,169,0.026600,0.2936,0.7135,1.40,2.14
37.00,232,C,1,0.025100,0.2705,0.7303,1.25,1.99
38.00,232,C,1,0.024300,0.2601,0.7373,1.18,1.92
40.00,232,C,222,0.023000,0.2410,0.7808,1.15,1.74
42.50,232,C,4,0.021400,0.2201,0.7662,1.04,1.59
45.00,232,C,10,0.019900,0.2019,0.8137,1.00,1.45
47.50,232,C,1266,0.018600,0.1860,0.8284,0.87,1.33
50.00,232,C,373,0.017500,0.1719,0.7650,0.80,1.23
55.00,232,C,38,0.015400,0.1484,0.8323,0.45,1.08
60.00,232,C,9,0.013800,0.1295,0.8639,0.35,0.93
65.00,232,C,2,0.012300,0.1141,0.8899,0.37,0.81
70.00,232,C,32,0.011100,0.1014,0.9469,0.32,0.70
75.00,232,C,30,0.010100,0.0908,0.9767,0.28,0.60
80.00,232,C,27,0.009200,0.0818,0.9904,0.35,0.54
85.00,232,C,5,0.008400,0.0742,1.0101,0.21,0.49
90.00,232,C,5,0.007800,0.0677,1.0288,0.19,0.45
95.00,232,C,7,0.007200,0.0620,1.0449,0.20,0.43
100.00,232,C,81,0.006600,0.0571,1.0627,0.25,0.43
110.00,232,C,1,0.005800,0.0490,1.0930,0.14,0.35
120.00,232,C,3,0.005100,0.0426,1.1214,0.10,0.33
130.00,232,C,1,0.004500,0.0375,1.1498,0.08,0.29
140.00,232,C,1,0.004000,0.0334,1.1743,0.09,0.25
150.00,232,C,4,0.003600,0.0299,1.1981,0.07,0.23
160.00,232,C,1,0.003300,0.0271,1.2218,0.06,0.21
170.00,232,C,2,0.003000,0.0246,1.2433,0.05,0.20
180.00,232,C,1,0.002800,0.0226,1.2629,0.04,0.18
190.00,232,C,1,0.002600,0.0208,1.3144,0.03,0.33
200.00,232,C,268,0.002400,0.0192,1.3027,0.07,0.25
10.00,260,C,2,0.004900,0.9490,0.6299,11.25,12.50
15.00,260,C,4,0.022500,0.8620,0.4357,6.60,7.40
15.00,260,P,1,0.022500,-0.1060,0.3202,0.08,0.25
16.00,260,C,2,0.027400,0.8254,0.6320,5.85,6.80
16.00,260,P,35,0.027400,-0.1426,0.3487,0.29,0.75
17.00,260,C,3,0.031900,0.7838,0.4625,5.35,6.15
17.00,260,P,40,0.031900,-0.1842,0.3691,0.59,1.23
20.00,260,C,505,0.039900,0.6490,0.5184,4.10,4.85
20.00,260,P,18,0.039900,-0.3190,0.3332,2.13,2.85
21.00,260,P,5,0.040900,-0.3621,0.3192,2.89,3.30
22.00,260,C,8,0.041200,0.5652,0.3740,3.50,4.25
22.00,260,P,6,0.041200,-0.4028,0.2978,3.55,4.15
23.00,260,P,8,0.040900,-0.4407,0.2677,4.35,4.85
24.00,260,C,4,0.040300,0.4923,0.4395,3.05,3.70
24.00,260,P,12,0.040300,-0.4758,0.5823,5.05,5.75
25.00,260,C,12,0.039400,0.4601,0.4265,2.78,3.55
25.00,260,P,17,0.039400,-0.5080,0.5988,5.80,6.45
26.00,260,C,3,0.038400,0.4306,0.4902,3.00,3.30
26.00,260,P,5,0.038400,-0.5374,0.7370,6.55,7.30
27.00,260,P,6,0.037200,-0.5642,0.6244,7.35,8.10
28.00,260,P,8,0.035900,-0.5886,0.6380,8.05,8.95
29.00,260,C,4,0.034700,0.3573,0.9880,2.12,2.90
29.00,260,P,12,0.034700,-0.6107,0.8775,8.85,9.75
36.00,260,C,10,0.026500,0.2502,0.6631,1.42,2.18
40.00,260,C,10,0.023000,0.2139,1.2484,1.55,1.95
50.00,260,C,13,0.017200,0.1604,0.6905,0.70,1.30
55.00,260,C,282,0.015300,0.1442,1.4694,0.70,1.22
70.00,260,C,600,0.011600,0.1132,0.9603,0.35,0.84
10.00,1,C,462,0.003000,0.9956,0.0000,6.01,7.13
10.00,1,P,6,0.003000,-0.0044,6.2823,0.00,0.01
10.50,1,C,49,0.003600,0.9951,0.0000,5.51,6.63
11.00,1,C,60,0.004400,0.9945,0.0000,5.06,6.33
11.50,1,C,94,0.005200,0.9938,0.0000,4.51,5.63
12.00,1,C,12,0.006400,0.9930,0.0000,4.01,5.13
12.00,1,P,18,0.006400,-0.0070,4.5064,0.00,0.01
13.00,1,C,18,0.009600,0.9910,0.0000,3.01,4.33
13.00,1,P,2,0.009600,-0.0090,3.7136,0.00,0.01
13.50,1,C,3,0.012000,0.9896,0.0000,2.52,3.82
13.50,1,P,4,0.012000,-0.0104,3.3352,0.00,0.01
14.00,1,C,93,0.015400,0.9879,0.0000,2.01,3.14
14.00,1,P,253,0.015400,-0.0121,2.9667,0.00,0.01
14.50,1,C,64,0.020500,0.9853,0.0000,1.52,2.53
14.50,1,P,76,0.020500,-0.0147,2.6067,0.00,0.01
15.00,1,C,125,0.029000,0.9810,0.0000,1.01,1.90
15.00,1,P,150680,0.029000,-0.0190,2.3452,0.00,0.01
16.00,1,C,1373,0.073800,0.9567,0.0000,0.70,0.84
16.00,1,P,1977,0.073800,-0.0433,1.6941,0.02,0.06
17.00,1,C,2060,0.233200,0.8670,0.0000,0.10,0.18
17.00,1,P,25408,0.233200,-0.1330,2.4353,0.43,0.53
18.00,1,C,3690,0.766800,0.4860,0.3932,0.02,0.04
18.00,1,P,3980,0.766800,-0.5140,5.9782,1.24,1.49
19.00,1,C,1796,0.240300,0.1201,1.0473,0.02,0.03
19.00,1,P,11392,0.240300,-0.8799,5.7211,2.13,2.54
20.00,1,C,8091,0.066700,0.0293,1.3530,0.00,0.03
20.00,1,P,1511,0.066700,-0.9707,6.6073,3.02,3.83
21.00,1,C,7139,0.013900,0.0052,2.0800,0.00,0.02
21.00,1,P,392,0.013900,-0.9948,7.2066,2.30,6.23
22.00,1,C,7642,0.001900,0.0006,2.4843,0.00,0.01
22.00,1,P,69,0.001900,-0.9994,0.0000,4.97,5.98
23.00,1,C,3279,0.000200,0.0000,2.8204,0.00,0.01
23.00,1,P,33,0.000200,-1.0000,0.0000,5.97,6.98
24.00,1,C,3436,0.000000,0.0000,2.9230,0.00,0.02
24.00,1,P,49,0.000000,-1.0000,0.0000,6.99,7.98
25.00,1,C,4773,0.000000,0.0000,3.5918,0.00,0.03
25.00,1,P,71,0.000000,-1.0000,0.0000,7.97,8.98
26.00,1,C,3205,0.000000,0.0000,3.9444,0.00,0.04
26.00,1,P,213,0.000000,-1.0000,0.0000,8.97,9.98
27.00,1,C,4156,0.000000,0.0000,4.2785,0.00,0.01
27.00,1,P,69,0.000000,-1.0000,0.0000,9.98,10.98
28.00,1,C,3289,0.000000,0.0000,4.4262,0.00,0.03
28.00,1,P,228,0.000000,-1.0000,0.0000,10.75,11.99
29.00,1,C,7055,0.000000,0.0000,4.1668,0.00,0.01
29.00,1,P,16,0.000000,-1.0000,0.0000,11.86,12.99
30.00,1,C,5353,0.000000,0.0000,4.7674,0.00,0.02
30.00,1,P,4,0.000000,-1.0000,0.0000,12.86,14.00
31.00,1,C,2558,0.000000,0.0000,5.4649,0.00,0.06
31.00,1,P,300,0.000000,-1.0000,0.0000,13.75,14.99
32.00,1,C,1606,0.000000,0.0000,5.7307,0.00,0.06
32.00,1,P,105,0.000000,-1.0000,0.0000,14.68,15.98
33.00,1,C,1063,0.000000,0.0000,5.9861,0.00,0.01
34.00,1,C,45,0.000000,0.0000,6.2319,0.00,0.06
34.00,1,P,173,0.000000,-1.0000,0.0000,16.86,17.98
35.00,1,C,166,0.000000,0.0000,6.4688,0.00,0.06
35.00,1,P,30,0.000000,-1.0000,0.0000,17.75,18.99
36.00,1,C,14,0.000000,0.0000,6.6975,0.00,0.06
36.00,1,P,43,0.000000,-1.0000,0.0000,18.75,19.98
37.00,1,C,17,0.000000,0.0000,6.9185,0.00,0.06
38.00,1,C,1,0.000000,0.0000,7.1322,0.00,0.06
38.00,1,P,4,0.000000,-1.0000,0.0000,20.86,21.99
39.00,1,C,14,0.000000,0.0000,7.3393,0.00,0.06
39.00,1,P,100,0.000000,-1.0000,0.0000,21.75,22.98
40.00,1,C,363,0.000000,0.0000,7.5400,0.00,0.06
42.50,1,C,60,0.000000,0.0000,8.0166,0.00,0.06
45.00,1,C,71,0.000000,0.0000,8.4607,0.00,0.04
47.50,1,C,21,0.000000,0.0000,0.0000,0.00,0.03
50.00,1,C,321,0.000000,0.0000,0.0000,0.00,0.02
50.00,1,P,65,0.000000,-1.0000,0.0000,32.86,33.99
55.00,1,C,1029,0.000000,0.0000,0.0000,0.00,0.04
60.00,1,C,346,0.000000,0.0000,0.0000,0.00,0.04
65.00,1,C,5,0.000000,0.0000,0.0000,0.00,0.04
70.00,1,C,67,0.000000,0.0000,0.0000,0.00,0.04
75.00,1,C,5,0.000000,0.0000,0.0000,0.00,0.04
80.00,1,C,86,0.000000,0.0000,0.0000,0.00,0.04
80.00,1,P,7,0.000000,-1.0000,0.0000,62.66,63.98
85.00,1,C,313,0.000000,0.0000,0.0000,0.00,0.04
90.00,1,C,251,0.000000,0.0000,0.0000,0.00,0.04
95.00,1,C,41,0.000000,0.0000,0.0000,0.00,0.04
100.00,1,C,84,0.000000,0.0000,0.0000,0.00,0.04
100.00,1,P,65,0.000000,-1.0000,0.0000,82.74,83.98
10.00,8,C,2,0.002400,0.9958,0.0000,6.74,8.51
12.00,8,P,15,0.006600,-0.0074,1.2238,0.00,0.02
13.00,8,C,14,0.011000,0.9881,0.0000,3.73,5.53
13.00,8,P,3,0.011000,-0.0110,1.0050,0.00,0.02
13.50,8,C,1,0.014400,0.9856,0.8264,3.40,5.21
13.50,8,P,87,0.014400,-0.0135,0.9006,0.00,0.02
14.00,8,C,20,0.019400,0.9819,0.0000,3.00,4.68
14.00,8,P,77,0.019400,-0.0172,0.7991,0.00,0.02
14.50,8,P,37,0.027700,-0.0235,0.8617,0.00,0.04
15.00,8,C,51,0.042600,0.9627,1.2062,2.35,3.15
15.00,8,P,3543,0.042600,-0.0363,0.7014,0.02,0.03
16.00,8,C,107,0.106400,0.8858,1.0533,1.68,2.04
16.00,8,P,754,0.106400,-0.1132,0.6948,0.09,0.12
17.00,8,C,521,0.184800,0.7276,0.8147,0.92,1.27
17.00,8,P,6463,0.184800,-0.2715,0.7115,0.33,0.46
18.00,8,C,818,0.203400,0.5162,0.5938,0.59,0.78
18.00,8,P,2846,0.203400,-0.4828,1.0840,0.80,1.03
19.00,8,C,448,0.167800,0.3478,1.0320,0.35,0.51
19.00,8,P,811,0.167800,-0.6513,0.9207,1.55,1.87
20.00,8,C,1928,0.125600,0.2402,0.8441,0.20,0.35
20.00,8,P,500,0.125600,-0.7589,0.9724,2.35,2.74
21.00,8,C,755,0.093300,0.1757,1.0781,0.20,0.23
21.00,8,P,253,0.093300,-0.8233,1.0589,3.26,3.65
22.00,8,C,428,0.071100,0.1358,1.3515,0.10,0.23
22.00,8,P,341,0.071100,-0.8632,1.1535,4.21,4.60
23.00,8,C,446,0.055800,0.1092,1.3656,0.06,0.24
23.00,8,P,149,0.055800,-0.8899,1.2328,5.16,5.55
24.00,8,C,169,0.045000,0.0902,1.3982,0.05,0.15
24.00,8,P,83,0.045000,-0.9088,1.3115,6.11,6.55
25.00,8,C,1923,0.037000,0.0760,1.6424,0.09,0.11
25.00,8,P,44,0.037000,-0.9230,1.3759,7.11,7.50
26.00,8,C,242,0.031000,0.0650,1.6195,0.03,0.15
26.00,8,P,16,0.031000,-0.9341,1.4501,8.11,8.50
27.00,8,C,801,0.026300,0.0562,1.6975,0.02,0.12
28.00,8,C,907,0.022600,0.0490,1.7787,0.01,0.10
28.00,8,P,22,0.022600,-0.9500,1.5674,10.05,10.45
29.00,8,C,1287,0.019600,0.0431,1.8308,0.04,0.09
29.00,8,P,10,0.019600,-0.9560,1.6142,11.05,11.45
30.00,8,C,2982,0.017100,0.0381,1.9108,0.02,0.08
30.00,8,P,79,0.017100,-0.9609,1.6438,12.11,12.40
31.00,8,C,626,0.015000,0.0340,1.9843,0.00,0.07
32.00,8,C,555,0.013300,0.0304,2.0271,0.00,0.06
33.00,8,C,1034,0.011800,0.0273,2.0863,0.00,0.06
34.00,8,C,55,0.010600,0.0247,2.1394,0.00,0.06
34.00,8,P,156,0.010600,-0.9744,1.8573,15.88,16.73
35.00,8,C,2982,0.009500,0.0223,2.2173,0.02,0.05
36.00,8,C,23,0.008600,0.0203,2.2608,0.00,0.05
36.00,8,P,130,0.008600,-0.9787,1.8766,17.87,18.94
37.00,8,C,11,0.007800,0.0185,2.3327,0.00,0.05
38.00,8,C,3,0.007100,0.0170,2.3291,0.00,0.05
39.00,8,C,25,0.006500,0.0156,2.3949,0.00,0.05
40.00,8,C,609,0.005900,0.0143,2.4159,0.00,0.03
42.50,8,C,2,0.004800,0.0117,2.5163,0.00,0.05
45.00,8,C,163,0.003900,0.0097,2.6536,0.00,0.03
45.00,8,P,30,0.003900,-0.9894,0.0000,26.86,27.86
47.50,8,C,55,0.003300,0.0081,2.7230,0.00,0.03
50.00,8,C,71,0.002700,0.0069,2.8419,0.00,0.03
50.00,8,P,21,0.002700,-0.9922,3.7928,31.43,33.24
55.00,8,C,1235,0.002000,0.0050,2.9861,0.00,0.03
60.00,8,C,353,0.001500,0.0038,3.1790,0.00,0.03
65.00,8,P,1,0.001100,-0.9962,0.0000,46.24,48.05
70.00,8,C,57,0.000900,0.0022,3.5148,0.00,0.03
75.00,8,C,6,0.000700,0.0018,3.6628,0.00,0.03
80.00,8,C,84,0.000600,0.0014,3.8000,0.00,0.03
85.00,8,C,37,0.000400,0.0012,3.9278,0.00,0.03
90.00,8,C,1,0.000400,0.0010,4.0473,0.00,0.03
90.00,8,P,28,0.000400,-0.9981,0.0000,71.22,73.00
95.00,8,C,11,0.000300,0.0008,4.1597,0.00,0.03
100.00,8,C,24,0.000200,0.0006,4.2656,0.00,0.03
100.00,8,P,20,0.000200,-0.9984,0.0000,81.22,82.99
10.00,15,C,30,0.003900,0.9920,2.3984,7.25,9.03
11.00,15,P,15,0.005600,-0.0078,1.0557,0.00,0.02
11.50,15,P,1,0.006800,-0.0089,0.9689,0.00,0.02
13.00,15,C,11,0.013200,0.9838,1.5259,4.24,6.18
13.00,15,P,2,0.013200,-0.0144,0.7271,0.00,0.02
13.50,15,C,27,0.017600,0.9800,1.4009,3.74,5.69
13.50,15,P,4,0.017600,-0.0182,0.7484,0.00,0.04
14.00,15,C,26,0.024300,0.9737,1.2782,3.25,5.19
14.00,15,P,1,0.024300,-0.0245,0.7074,0.00,0.04
14.50,15,C,1,0.034900,0.9634,1.1633,3.40,3.90
14.50,15,P,53,0.034900,-0.0348,0.6695,0.00,0.05
15.00,15,C,256,0.051300,0.9461,1.0597,2.92,3.40
15.00,15,P,603,0.051300,-0.0521,0.5251,0.01,0.06
16.00,15,C,267,0.108900,0.8544,0.8077,2.10,2.46
16.00,15,P,379,0.108900,-0.1438,0.4955,0.11,0.18
17.00,15,C,205,0.146100,0.6830,0.7005,1.37,1.76
17.00,15,P,145,0.146100,-0.3152,0.6398,0.36,0.48
18.00,15,C,199,0.142800,0.5266,0.8762,0.94,1.23
18.00,15,P,161,0.142800,-0.4716,0.5199,0.88,1.11
19.00,15,C,166,0.125400,0.4062,0.9335,0.75,0.93
19.00,15,P,258,0.125400,-0.5920,0.7803,1.60,1.89
20.00,15,C,2233,0.105700,0.3170,1.0022,0.62,0.73
20.00,15,P,38,0.105700,-0.6812,0.8598,2.37,2.72
21.00,15,C,1290,0.087800,0.2517,1.2420,0.50,0.63
21.00,15,P,171,0.087800,-0.7466,0.9265,3.23,3.60
22.00,15,C,180,0.072900,0.2040,1.1700,0.31,0.46
22.00,15,P,132,0.072900,-0.7943,0.9847,4.12,4.50
23.00,15,C,256,0.061000,0.1687,1.2192,0.25,0.41
24.00,15,C,215,0.051500,0.1422,1.2862,0.23,0.38
24.00,15,P,62,0.051500,-0.8560,1.0670,6.01,6.40
25.00,15,C,1165,0.044000,0.1218,1.1806,0.17,0.33
25.00,15,P,102,0.044000,-0.8764,1.0808,6.96,7.35
26.00,15,C,99,0.038000,0.1057,1.3573,0.19,0.23
26.00,15,P,190,0.038000,-0.8925,1.0919,7.91,8.30
27.00,15,C,331,0.033100,0.0926,1.4228,0.13,0.23
27.00,15,P,6,0.033100,-0.9056,1.0814,8.91,9.30
28.00,15,C,178,0.029100,0.0819,1.4062,0.13,0.24
28.00,15,P,190,0.029100,-0.9163,1.0630,9.76,10.25
29.00,15,C,105,0.025800,0.0730,1.4466,0.11,0.21
29.00,15,P,1,0.025800,-0.9252,0.9593,10.86,11.25
30.00,15,C,824,0.023000,0.0654,1.6061,0.10,0.20
30.00,15,P,1,0.023000,-0.9328,0.0000,11.86,12.25
31.00,15,C,61,0.020600,0.0590,1.6614,0.09,0.18
32.00,15,C,50,0.018500,0.0534,1.7117,0.07,0.17
33.00,15,C,13,0.016800,0.0486,1.7214,0.06,0.15
35.00,15,C,12,0.013900,0.0407,1.8210,0.04,0.13
36.00,15,C,4,0.012700,0.0374,1.8799,0.04,0.12
37.00,15,C,13,0.011700,0.0345,1.9225,0.03,0.12
38.00,15,C,6,0.010800,0.0319,1.9316,0.03,0.10
40.00,15,C,48,0.009200,0.0275,2.0002,0.05,0.08
42.50,15,C,5,0.007700,0.0232,2.0806,0.01,0.07
45.00,15,C,15,0.006500,0.0197,2.1686,0.00,0.06
47.50,15,C,39,0.005600,0.0170,2.1996,0.00,0.05
50.00,15,C,28,0.004800,0.0147,2.2657,0.01,0.05
50.00,15,P,21,0.004800,-0.9835,0.0000,31.49,32.45
55.00,15,C,1028,0.003700,0.0113,2.3730,0.00,0.04
60.00,15,C,311,0.002900,0.0090,2.5218,0.01,0.03
65.00,15,C,11,0.002300,0.0072,2.5796,0.00,0.03
65.00,15,P,2,0.002300,-0.9910,0.0000,46.44,47.44
70.00,15,C,2,0.001900,0.0059,2.6548,0.00,0.03
75.00,15,C,1,0.001500,0.0049,2.7116,0.00,0.03
80.00,15,C,1,0.001300,0.0041,2.8125,0.00,0.02
85.00,15,C,30,0.001100,0.0035,2.9064,0.00,0.02
90.00,15,C,50,0.000900,0.0030,2.9943,0.00,0.02
95.00,15,C,402,0.000800,0.0026,3.0768,0.00,0.02
100.00,15,C,46,0.000700,0.0022,3.0861,0.00,0.02
100.00,15,P,20,0.000700,-0.9960,0.0000,80.95,82.76
10.00,29,P,2,0.001900,-0.0045,1.1163,0.00,0.02
15.00,29,C,6,0.020600,0.9429,0.0000,3.16,4.10
16.00,29,C,12,0.030400,0.9076,0.0000,2.52,3.24
16.00,29,P,20,0.030400,-0.0890,1.0736,0.11,0.33
17.00,29,C,27,0.041200,0.8608,0.0000,1.91,2.58
17.00,29,P,17,0.041200,-0.1357,1.1034,0.47,0.73
18.00,29,C,66,0.051800,0.8035,0.0000,1.50,2.10
18.00,29,P,11,0.051800,-0.1930,1.2486,0.99,1.32
19.00,29,C,118,0.061200,0.7377,0.0000,1.34,1.50
19.00,29,P,4,0.055400,-0.2738,1.3949,1.62,1.99
20.00,29,C,160,0.068400,0.6659,0.0000,1.15,1.40
21.00,29,C,23,0.094700,0.5932,0.3365,0.78,1.21
22.00,29,C,100,0.081300,0.5106,0.5856,0.76,1.11
22.00,29,P,10,0.048300,-0.4424,1.7803,3.95,4.67
23.00,29,C,32,0.074500,0.4450,0.5979,0.65,0.97
24.00,29,C,105,0.071700,0.3778,0.6467,0.59,0.86
24.00,29,P,20,0.043000,-0.5104,1.9976,5.68,6.49
25.00,29,C,107,0.067200,0.3166,0.7718,0.52,0.80
25.00,29,P,16,0.042900,-0.5495,2.0076,6.59,7.44
26.00,29,C,31,0.061400,0.2621,0.8516,0.40,0.71
26.00,29,P,6,0.038500,-0.5592,2.1902,7.52,8.36
27.00,29,C,109,0.055000,0.2146,0.9267,0.36,0.65
28.00,29,C,34,0.048400,0.1739,0.9794,0.32,0.59
29.00,29,C,37,0.041900,0.1396,1.0297,0.33,0.55
29.00,29,P,5,0.033100,-0.6092,2.4374,10.34,11.22
30.00,29,C,86,0.035700,0.1111,1.0762,0.19,0.51
31.00,29,C,75,0.030000,0.0878,1.1198,0.28,0.49
32.00,29,C,16,0.025000,0.0688,1.1617,0.26,0.46
39.00,29,C,4,0.005400,0.0108,1.4134,0.12,0.33
40.00,29,C,14,0.004200,0.0082,1.4464,0.12,0.32
45.00,29,C,2,0.001200,0.0019,1.5959,0.07,0.27
47.50,29,C,6,0.000600,0.0009,1.6630,0.06,0.25
50.00,29,C,6,0.000300,0.0004,1.7294,0.11,0.23
50.00,29,P,461,0.018600,-0.7454,3.4267,30.96,32.07
60.00,29,C,5,0.000000,0.0000,1.9348,0.08,0.18
65.00,29,C,2,0.000000,0.0000,2.0235,0.00,0.10
70.00,29,C,68,0.000000,0.0000,2.0994,0.05,0.14
75.00,29,C,199,0.000000,0.0000,2.1642,0.05,0.14
80.00,29,C,21,0.000000,0.0000,2.2293,0.00,0.14
85.00,29,C,8,0.000000,0.0000,2.2866,0.00,0.12
90.00,29,C,57,0.000000,0.0000,2.3369,0.04,0.13
95.00,29,C,91,0.000000,0.0000,2.3140,0.04,0.10
100.00,29,C,190,0.000000,0.0000,2.4443,0.04,0.10
100.00,29,P,460,0.011900,-0.7809,4.7058,80.65,81.80
